,Avg. Ya,Avg. Ya/Yw,Avg. Yp,Avg. Yw,Closest station,Comments:,Density,Field_ID,Filename_clean,Filename_soildata,Filename_weatherdata_clean,Fit grade,Island,Km,Lattitude (degrees),Longitude (degrees),Month of planting,Notes A,Notes B,Q.9-FFB,SD ABW Ya,SD ABW Yw,SD ABW Yw-Ya,SD BC Ya,SD BC Yw,SD BC Yw-Ya,SD FFB Ya,SD FFB Yw,SD FFB Yw-Ya,Soil depth,Soil texture,Source,Temporal coverage,Use,WHC,Weather (monthly) data and coverage,YAP-obs-end,YAP-obs-start,Year of planting,title,window
0,22.7,58,43.4,39,IDO_08,Good rainfall area,135,1,KBD - 2004.csv,C04p_soil.csv,C04p.csv,,Sumatra,69,-1.23146944,102.99416667,10,,,34000,20.9,31,19.7,31.7,24,25,30.8,33,33.3,> 150 cm,Sandy clay,Agrifood,2007 - 2017,1,171.6272119909,"Rainfall, Number of Raindays",14,4,2003,Agrifood C04p (Sumatra),3
1,22.7,58,43.2,38.8,IDO_08,Good rainfall area,135,1,KBD - 2004.csv,C04p_soil.csv,C04p.csv,,Sumatra,69,-1.23146944,102.99416667,10,,,34000,14.6,28.3,15.7,15.8,20.3,16.8,18.8,29.4,22.1,> 150 cm,Sandy clay,Agrifood,2007 - 2017,1,171.6272119909,"Rainfall, Number of Raindays",14,4,2003,Agrifood C04p (Sumatra),12
2,24,58,48.6,41.6,IDO_08,Good rainfall area,136,2,KBD - 2008.csv,C08g_soil.csv,C08g.csv,,Sumatra,69,-1.21189722,102.99333333,10,,,37000,19.8,17.3,18.9,30.3,19.7,37.2,30.3,22.9,34.6,> 150 cm,Sandy clay,Agrifood,2011-2017,1,171.6272119909,"Rainfall, Number of Raindays",11,5,2006,Agrifood C08g (Sumatra),3
3,24.2,59,48.2,41.4,IDO_08,Good rainfall area,136,2,KBD - 2008.csv,C08g_soil.csv,C08g.csv,,Sumatra,69,-1.21189722,102.99333333,10,,,37000,10,12.4,11.2,14.5,16.4,18.9,15.1,16.3,21,> 150 cm,Sandy clay,Agrifood,2011-2017,1,171.6272119909,"Rainfall, Number of Raindays",11,5,2006,Agrifood C08g (Sumatra),12
4,30.4,70,53.9,43.6,IDO_02,Low rainfall area,136,3,KBL - 2006.csv,A06b_soil.csv,A06b.csv,,Sumatra,67,3.30554167,99.14388889,10,,,42000,9.7,15.4,18.8,18,16.8,25.3,20.7,24.9,35.9,> 120 cm,Clay loam,Agrifood,2009-2017,1,164.2958804321,"Rainfall, Number of Raindays",14,6,2003,Agrifood A06b (Sumatra),3
5,30.9,71,53.7,43.5,IDO_02,Low rainfall area,136,3,KBL - 2006.csv,A06b_soil.csv,A06b.csv,,Sumatra,67,3.30554167,99.14388889,10,,,42000,6.3,9.2,12.4,9.5,7.8,10.9,10.3,14.4,19.5,> 120 cm,Clay loam,Agrifood,2009-2017,1,164.2958804321,"Rainfall, Number of Raindays",14,6,2003,Agrifood A06b (Sumatra),12
6,35.3,93,43.9,38.1,IDO_05,-0,136,5,KTZ - 1994b.csv,C94b_soil.csv,C94b.csv,,Sumatra,60,0.69718889,100.94333333,10,,,50000,4.3,14.8,16.1,23.6,16,26.9,24.7,19.1,32.3,> 120 cm,Sandy loam,Agrifood,2006-2017,1,176.2885363733,"Rainfall, Number of Raindays",23,12,1994,Agrifood C94b (Sumatra),3
7,35.3,92,44,38.2,IDO_05,-0,136,5,KTZ - 1994b.csv,C94b_soil.csv,C94b.csv,,Sumatra,60,0.69718889,100.94333333,10,,,50000,2.8,7.4,8.4,12.7,6.3,12.9,13.4,9.9,16.7,> 120 cm,Sandy loam,Agrifood,2006-2017,1,176.2885363733,"Rainfall, Number of Raindays",23,12,1994,Agrifood C94b (Sumatra),12
8,32.6,86,43.9,38.1,IDO_05,-0,136,4,KTZ - 1994o.csv,C94o_soil.csv,C94o.csv,,Sumatra,60,0.66114444,100.93305556,10,,,47000,3.7,14.8,15.4,22.4,16,23.5,22.2,19.1,30.6,> 120 cm,Sandy loam,Agrifood,2006-2017,1,176.2885363733,"Rainfall, Number of Raindays",23,12,1994,Agrifood C94o (Sumatra),3
9,32.6,85,44,38.2,IDO_05,-0,136,4,KTZ - 1994o.csv,C94o_soil.csv,C94o.csv,,Sumatra,60,0.66114444,100.93305556,10,,,47000,2.5,7.4,7.8,9.6,6.3,9.4,9.2,9.9,13.9,> 120 cm,Sandy loam,Agrifood,2006-2017,1,176.2885363733,"Rainfall, Number of Raindays",23,12,1994,Agrifood C94o (Sumatra),12
10,32.8,76,46.8,42.9,,"Oil content is available in dataset, Radiation data was taken 27 km from the blcok",136,42,Hnae-1986.csv,HNAE_soil.csv,HNAE.csv,8,Kalimantan,,-2.3467,112.1058,,"rel low BC, high ABW – fluctuates",,49000,8.8,15.4,15.9,24.4,16.2,26.4,25.2,23.4,33.1,> 150 cm,Sandy clay loam,Sinarmas,2006-2015,1,133.3681236501,"Rainfall, Radiation",20,11,1995,Sinarmas HNAE (Kalimantan),3
11,33,77,46.9,43,,"Oil content is available in dataset, Radiation data was taken 27 km from the blcok",136,42,Hnae-1986.csv,HNAE_soil.csv,HNAE.csv,8,Kalimantan,,-2.3467,112.1058,,"rel low BC, high ABW – fluctuates",,49000,5.5,8.7,9.1,13.1,8.2,12,14.1,12.9,18,> 150 cm,Sandy clay loam,Sinarmas,2006-2015,1,133.3681236501,"Rainfall, Radiation",20,11,1995,Sinarmas HNAE (Kalimantan),12
12,31.7,71,55.1,44.3,,"Oil content is available in dataset, Radiation(sunsine hours and cal/m2/d) data was taken 20 km from the block ",136,37,Knde-1993.csv,KNDE_soil.csv,KNDE.csv,8,Sumatra,,0.8561,101.2431,,low BC observed,,42000,8.3,10.4,13.3,19.8,14.3,22.3,20.2,18.8,27.3,> 150 cm,Sandy clay loam,Sinarmas,1998-2007,1,133.3681236501,"Rainfall, Radiation",14,5,1993,Sinarmas KNDE (Sumatra),3
13,31.6,71,54.8,44.2,,"Oil content is available in dataset, Radiation(sunsine hours and cal/m2/d) data was taken 20 km from the block ",136,37,Knde-1993.csv,KNDE_soil.csv,KNDE.csv,8,Sumatra,,0.8561,101.2431,,low BC observed,,42000,6.5,6.2,8.1,9.3,6.9,10.3,9.5,10,13.7,> 150 cm,Sandy clay loam,Sinarmas,1998-2007,1,133.3681236501,"Rainfall, Radiation",14,5,1993,Sinarmas KNDE (Sumatra),12
14,33.1,91,39.1,36.4,,Oil content is available in dataset,143,35,Kule-1986.csv,KULE_soil.csv,KULE.csv,,Sumatra,,2.567,99.608,,,,45000,5.8,10.5,12,18.7,12.2,20.7,20,15.3,22.5,> 100 cm,Sandy clay loam,Sinarmas,1998-2009,1,88.9120824334,Rainfall,23,12,1986,Sinarmas KULE (Sumatra),3
15,33.3,91,39.1,36.5,,Oil content is available in dataset,143,35,Kule-1986.csv,KULE_soil.csv,KULE.csv,,Sumatra,,2.567,99.608,,,,45000,3.2,5.7,6.3,8.8,5,9.3,9.7,7.6,11.1,> 100 cm,Sandy clay loam,Sinarmas,1998-2009,1,88.9120824334,Rainfall,23,12,1986,Sinarmas KULE (Sumatra),12
16,34,70,52.4,48.7,,"Oil content is available in dataset, Radiation(sunsine hours and cal/m2/d) data is available (MJ/m2/day), but was taken 150 km from field.",143,39,Mtwe-1996.csv,MTWE_soil.csv,MTWE.csv,7,Sumatra,,-2.9713,103.1194,,low BC observed,,42000,5.3,7.8,8.8,13.2,11.2,19.1,13.6,13.8,20.9,> 100 cm,Sandy clay loam,Sinarmas,2008-2012,1,88.9120824334,Rainfall,16,12,1996,Sinarmas MTWE (Sumatra),3
17,34.2,70,52.3,48.8,,"Oil content is available in dataset, Radiation(sunsine hours and cal/m2/d) data is available (MJ/m2/day), but was taken 150 km from field.",143,39,Mtwe-1996.csv,MTWE_soil.csv,MTWE.csv,7,Sumatra,,-2.9713,103.1194,,low BC observed,,42000,2.6,3.3,4.4,6.6,5.4,9.9,6.8,7.1,11.5,> 100 cm,Sandy clay loam,Sinarmas,2008-2012,1,88.9120824334,Rainfall,16,12,1996,Sinarmas MTWE (Sumatra),12
18,34.7,81,44.4,43,,"Oil content is available in dataset, Radiation data covers only a part of the dataset. ",136,41,Mwhe-1986.csv,MWHE_soil.csv,MWHE.csv,6,Kalimantan,,1.1072,117.0516,,"rel low ABW (15kg at 10 YAP) – fluctuates, high BC",Obs. Yields of 60t/ha/yr,53000,9,6.5,10.1,29.5,10.6,31.4,30.8,10.3,35,> 100 cm,Silty clay loam,Sinarmas,2004-2015,1,157.7346569011,"Rainfall, Radiation",22,11,1993,Sinarmas MWHE (Kalimantan),3
19,34.1,79,44.6,43.2,,"Oil content is available in dataset, Radiation data covers only a part of the dataset. ",136,41,Mwhe-1986.csv,MWHE_soil.csv,MWHE.csv,6,Kalimantan,,1.1072,117.0516,,"rel low ABW (15kg at 10 YAP) – fluctuates, high BC",Obs. Yields of 60t/ha/yr,53000,6.5,3.4,6.8,16.3,5.3,17.4,15.9,5.5,18.3,> 100 cm,Silty clay loam,Sinarmas,2004-2015,1,157.7346569011,"Rainfall, Radiation",22,11,1993,Sinarmas MWHE (Kalimantan),12
20,29.8,56,56.1,53.1,,"Oil content is available in dataset, Radiation(sunsine hours and cal/m2/d) data was taken 22 km from the block ",136,38,Nsae-1994.csv,NSAE_soil.csv,NSAE.csv,7,Sumatra,,0.8219,101.0286,,low BC observed,,40000,6.1,6.7,7.8,17,10.9,18.1,18.7,13.3,19.6,> 300 cm,Sandy loam,Sinarmas,2002-2008,1,440.7213409333,"Rainfall, Radiation",14,8,1994,Sinarmas NSAE (Sumatra),3
21,29.9,56,56.2,53.2,,"Oil content is available in dataset, Radiation(sunsine hours and cal/m2/d) data was taken 22 km from the block ",136,38,Nsae-1994.csv,NSAE_soil.csv,NSAE.csv,7,Sumatra,,0.8219,101.0286,,low BC observed,,40000,3.8,4,4.6,8.5,4.2,7.5,10,6.8,8.8,> 300 cm,Sandy loam,Sinarmas,2002-2008,1,440.7213409333,"Rainfall, Radiation",14,8,1994,Sinarmas NSAE (Sumatra),12
22,31.1,89,43.4,34.9,,Oil content is available in dataset,143,36,Pbne-1986.csv,PBNE_soil.csv,PBNE.csv,9,Sumatra,,1.655,100.016,,very good agreement,,45000,7.2,15,16.3,30.1,13.2,33,27.7,20.7,33,> 100 cm,Sandy clay loam,Sinarmas,1999-2009,1,88.9120824334,Rainfall,23,13,1986,Sinarmas PBNE (Sumatra),3
23,31.7,90,43.5,35.1,,Oil content is available in dataset,143,36,Pbne-1986.csv,PBNE_soil.csv,PBNE.csv,9,Sumatra,,1.655,100.016,,very good agreement,,45000,4.2,9,10.1,13.1,7.6,13.5,11.9,13.7,15.5,> 100 cm,Sandy clay loam,Sinarmas,1999-2009,1,88.9120824334,Rainfall,23,13,1986,Sinarmas PBNE (Sumatra),12
24,26.1,67,46.6,39,,Oil content is available in dataset,143,40,Sbye-1986.csv,SBYE_soil.csv,SBYE.csv,8,Sumatra,,-4.1978,105.6208,,"very large fluctuations in obs. BC, yield","FFB estimation is solid, distribution over yield factors less so",45000,10,25.6,22.5,45.6,17.4,43,46.4,30.5,53.7,> 120 cm,Sandy clay loam,Sinarmas,2004-2013,1,106.6944989201,"Rainfall, Radiation",21,12,1992,Sinarmas SBYE (Sumatra),3
25,26.2,68,46.6,38.7,,Oil content is available in dataset,143,40,Sbye-1986.csv,SBYE_soil.csv,SBYE.csv,8,Sumatra,,-4.1978,105.6208,,"very large fluctuations in obs. BC, yield","FFB estimation is solid, distribution over yield factors less so",45000,7.3,12.4,10.5,25.6,8.1,22.9,27.8,14.9,27.1,> 120 cm,Sandy clay loam,Sinarmas,2004-2013,1,106.6944989201,"Rainfall, Radiation",21,12,1992,Sinarmas SBYE (Sumatra),12
26,26.7,60,53.5,44.8,,-0,135,44,BT-2000.csv,BT06_soil.csv,BT06.csv,,Sumatra,,-3.6333333,105.0167,11,,,45000,12.8,20.2,19.5,41,17.1,41.6,42.2,28.2,47.6,> 100 cm,Sandy clay loam,Wilmar,2007-2018,1,88.9120824334,Rainfall,18,7,2000,Wilmar BT06 (Sumatra),3
27,27,61,53.4,44.6,,-0,135,44,BT-2000.csv,BT06_soil.csv,BT06.csv,,Sumatra,,-3.6333333,105.0167,11,,,45000,10,9.9,10,24.1,6.8,23.6,23.8,13.1,24.6,> 100 cm,Sandy clay loam,Wilmar,2007-2018,1,88.9120824334,Rainfall,18,7,2000,Wilmar BT06 (Sumatra),12
28,25.2,51,58.7,49.7,,Oil content is available in dataset,136,33,Kariuna-2007.csv,W091_soil.csv,W091.csv,,Kalimantan,,-2.249,112.504,3,,,38000,13.3,15.4,20.1,21.4,15,26,25.1,21.3,34.6,> 200 cm,Loamy sand,Wilmar,2010-2018,1,172.1057976056,Rainfall,13,5,2005,Wilmar W091 (Kalimantan),3
29,25.5,52,58.4,49.5,,Oil content is available in dataset,136,33,Kariuna-2007.csv,W091_soil.csv,W091.csv,,Kalimantan,,-2.249,112.504,3,,,38000,9.1,7.6,11.3,11.3,8.4,15.9,15.7,11.3,20.7,> 200 cm,Loamy sand,Wilmar,2010-2018,1,172.1057976056,Rainfall,13,5,2005,Wilmar W091 (Kalimantan),12
30,25.2,57,49,44.3,,Oil content is available in dataset,121,34,Kariuna-2007.csv,W129_soil.csv,W129.csv,,Kalimantan,,-2.141,112.575,6,,,38000,13.3,27.2,18.4,21.4,19.1,25.6,25.1,29.8,26.7,> 200 cm,Loamy sand,Wilmar,2010-2018,1,172.1057976056,Rainfall,12,4,2006,Wilmar W129 (Kalimantan),3
31,25.5,58,48.7,44,,Oil content is available in dataset,121,34,Kariuna-2007.csv,W129_soil.csv,W129.csv,,Kalimantan,,-2.141,112.575,6,,,38000,9.1,25,17.2,11.3,15.6,17.2,15.7,26.1,16.8,> 200 cm,Loamy sand,Wilmar,2010-2018,1,172.1057976056,Rainfall,12,4,2006,Wilmar W129 (Kalimantan),12
32,32.6,72,55.2,45.1,,-0,135,46,ME-2000.csv,MBE30_soil.csv,MBE30.csv,,Sumatra,,2.19,99.88,1,,,47000,4.9,13.4,14.8,29.8,14.9,32,32.3,20.2,37.6,> 150 cm,Sandy clay ,Wilmar,2009-2018,1,171.6272119909,Rainfall,18,9,2000,Wilmar MBE30 (Sumatra),3
33,32.4,72,55.4,45.2,,-0,135,46,ME-2000.csv,MBE30_soil.csv,MBE30.csv,,Sumatra,,2.19,99.88,1,,,47000,3.6,7.1,8.2,14.7,6.1,15.7,16.8,10.6,19.2,> 150 cm,Sandy clay ,Wilmar,2009-2018,1,171.6272119909,Rainfall,18,9,2000,Wilmar MBE30 (Sumatra),12
34,27.4,54,53.6,50.3,,"Oil content is available in dataset, data was slightly corrected (3)",132,31,Mustika-2001.csv,W043_soil.csv,W043.csv,,Kalimantan,,-2.569,112.537,11,,,42000,11.1,12.2,16.4,30.9,13.2,33.6,31.7,15.6,35.3,> 200 cm,Clay loam,Wilmar,2005-2018,1,273.8264673868,Rainfall,19,6,1999,Wilmar W043 (Kalimantan),3
35,27.7,55,53.5,50.2,,"Oil content is available in dataset, data was slightly corrected (3)",132,31,Mustika-2001.csv,W043_soil.csv,W043.csv,,Kalimantan,,-2.569,112.537,11,,,42000,6.9,6.6,9.9,14.9,6.7,16.1,13.6,10.1,16.3,> 200 cm,Clay loam,Wilmar,2005-2018,1,273.8264673868,Rainfall,19,6,1999,Wilmar W043 (Kalimantan),12
36,23.6,55,46.2,43,,"Oil content is available in dataset, data was slightly corrected (4)",132,32,Mustika-2003.csv,W095_soil.csv,W095.csv,,Kalimantan,,-2.597,112.524,7,,,38000,11.8,34.9,29.1,27.6,32.5,42.5,27.4,36.1,39.9,> 200 cm,Clay,Wilmar,2006-2018,1,226.5515320967,Rainfall,15,3,2003,Wilmar W095 (Kalimantan),3
37,24.1,56,46,42.9,,"Oil content is available in dataset, data was slightly corrected (4)",132,32,Mustika-2003.csv,W095_soil.csv,W095.csv,,Kalimantan,,-2.597,112.524,7,,,38000,8.7,33.6,27.9,12.6,29.7,32.8,13.3,34.1,32.8,> 200 cm,Clay,Wilmar,2006-2018,1,226.5515320967,Rainfall,15,3,2003,Wilmar W095 (Kalimantan),12
0,25.2,51,58.7,49.7,,Oil content is available in dataset,136,33,Kariuna-2007.csv,W091_soil.csv,W091.csv,,Kalimantan,,-2.249,112.504,3,,,38000,13.3,15.4,20.1,21.4,15,26,25.1,21.3,34.6,> 200 cm,Loamy sand,Wilmar,2010-2018,1,172.1057976056,Rainfall,13,5,2005,Wilmar W091 (Kalimantan),3
1,25.5,52,58.4,49.5,,Oil content is available in dataset,136,33,Kariuna-2007.csv,W091_soil.csv,W091.csv,,Kalimantan,,-2.249,112.504,3,,,38000,9.1,7.6,11.3,11.3,8.4,15.9,15.7,11.3,20.7,> 200 cm,Loamy sand,Wilmar,2010-2018,1,172.1057976056,Rainfall,13,5,2005,Wilmar W091 (Kalimantan),12
2,25.2,50,54.8,50.1,,Oil content is available in dataset,121,34,Kariuna-2007.csv,W129_soil.csv,W129.csv,,Kalimantan,,-2.141,112.575,6,,,38000,13.3,11.1,14.9,21.4,12.9,26.4,25.1,15.2,29.1,> 200 cm,Loamy sand,Wilmar,2010-2018,1,172.1057976056,Rainfall,13,5,2005,Wilmar W129 (Kalimantan),3
3,25.5,51,54.6,49.8,,Oil content is available in dataset,121,34,Kariuna-2007.csv,W129_soil.csv,W129.csv,,Kalimantan,,-2.141,112.575,6,,,38000,9.1,7,8.9,11.3,10.2,17.6,15.7,8.7,17.4,> 200 cm,Loamy sand,Wilmar,2010-2018,1,172.1057976056,Rainfall,13,5,2005,Wilmar W129 (Kalimantan),12
4,27.4,54,53.6,50.3,,"Oil content is available in dataset, data was slightly corrected (3)",132,31,Mustika-2001.csv,W043_soil.csv,W043.csv,,Kalimantan,,-2.569,112.537,11,,,42000,11.1,12.2,16.4,30.9,13.2,33.6,31.7,15.6,35.3,> 200 cm,Clay loam,Wilmar,2005-2018,1,273.8264673868,Rainfall,19,6,1999,Wilmar W043 (Kalimantan),3
5,27.7,55,53.5,50.2,,"Oil content is available in dataset, data was slightly corrected (3)",132,31,Mustika-2001.csv,W043_soil.csv,W043.csv,,Kalimantan,,-2.569,112.537,11,,,42000,6.9,6.6,9.9,14.9,6.7,16.1,13.6,10.1,16.3,> 200 cm,Clay loam,Wilmar,2005-2018,1,273.8264673868,Rainfall,19,6,1999,Wilmar W043 (Kalimantan),12
6,23.6,47,54.5,50.7,,"Oil content is available in dataset, data was slightly corrected (4)",132,32,Mustika-2003.csv,W095_soil.csv,W095.csv,,Kalimantan,,-2.597,112.524,7,,,38000,11.8,12.7,16.3,27.6,12.9,28.9,27.4,16.4,32.1,> 200 cm,Clay,Wilmar,2006-2018,1,226.5515320967,Rainfall,18,6,2000,Wilmar W095 (Kalimantan),3
7,24.1,48,54.4,50.6,,"Oil content is available in dataset, data was slightly corrected (4)",132,32,Mustika-2003.csv,W095_soil.csv,W095.csv,,Kalimantan,,-2.597,112.524,7,,,38000,8.7,6.6,11,12.6,6.3,13.1,13.3,9.8,16.9,> 200 cm,Clay,Wilmar,2006-2018,1,226.5515320967,Rainfall,18,6,2000,Wilmar W095 (Kalimantan),12
8,24.7,63,43.6,39.1,,-0,129,45,SK-2000.csv,SM_soil.csv,SM.csv,,Sumatra,,-3.7,104.8,11,,,45000,10.8,22.8,20.2,48.7,17,44.2,45.4,23.3,52,120 cm,Sandy clay loam,Wilmar,2007-2018,1,106.6944989201,Rainfall,26,15,1992,Wilmar SM (Sumatra),3
9,24.8,63,43.6,39.1,,-0,129,45,SK-2000.csv,SM_soil.csv,SM.csv,,Sumatra,,-3.7,104.8,11,,,45000,7.9,11.6,10.3,26.8,7.9,24.4,25,13.3,25.8,120 cm,Sandy clay loam,Wilmar,2007-2018,1,106.6944989201,Rainfall,26,15,1992,Wilmar SM (Sumatra),12
