,use (bool),USDA ID (-),food group (-),cost (CC/kg),"Calcium, Ca (mg/100g)","Carbohydrate, by difference (g/100g)",Energy (kcal/100g),"Folate, DFE (µg/100g)","Iron, Fe (mg/100g)",Protein (g/100g),Riboflavin (mg/100g),Thiamin (mg/100g),Total lipid (fat) (g/100g),"Vitamin A, IU (IU/100g)",Vitamin B-12 (µg/100g),"Vitamin C, total ascorbic acid (mg/100g)","Zinc, Zn (mg/100g)",waste description (-),waste factor (%),food group USDA (-),full name (-)
yoghurt,1,01116,milk and milk products,2000,,,,,,,,,,,,,,,,,
Chicken egg,1,01123,eggs,5000,,,,,,,,,,,,,,,,,
Duck egg,1,01138,eggs,5000,,,,,,,,,,,,,,,,,
milk,1,01211,milk and milk products,1000,,,,,,,,,,,,,,,,,
palm oil,1,04055,fats and oils,3500,,,,,,,,,,,,,,,,,
avocado,1,09037,fruits,2000,,,,,,,,,,,,,,,,,
dessert banana,1,09040,fruits,800,,,,,,,,,,,,,,,,,
Mango,1,09176,fruits,1143,,,,,,,,,,,,,,,,,
orange,1,09202,fruits,500,,,,,,,,,,,,,,,,,
Papaya,1,09226,fruits,2500,,,,,,,,,,,,,,,,,
Red plum,1,09279,fruits,1250,,,,,,,,,,,,,,,,,
cabbage,1,11109,vegetables,313,,,,,,,,,,,,,,,,,
Carrot,1,11124,vegetables,1600,,,,,,,,,,,,,,,,,
Cassava,1,11134,starchy staples,1000,,,,,,,,,,,,,,,,,
Cucumber,1,11205,vegetables,706,,,,,,,,,,,,,,,,,
onion,1,11282,vegetables,1667,,,,,,,,,,,,,,,,,
irish potato,1,11352,starchy staples,500,,,,,,,,,,,,,,,,,
pumpkin leave,1,11418,vegetables,2500,,,,,,,,,,,,,,,,,
Pumpkin,1,11422,vegetables,714,,,,,,,,,,,,,,,,,
sweet potato,1,11507,vegetables,1000,,,,,,,,,,,,,,,,,
tomato,1,11529,vegetables,1818,,,,,,,,,,,,,,,,,
beef,1,13001,meat,6000,,,,,,,,,,,,,,,,,
Beef Kidney ,1,13323,meat,8000,,,,,,,,,,,,,,,,,
Beef Liver,1,13325,meat,7750,,,,,,,,,,,,,,,,,
mixed of beef small intestine and beef entrails ,1,13341,meat,4000,,,,,,,,,,,,,,,,,
"beans, common",1,16027,"legumes, nuts and seeds",2000,,,,,,,,,,,,,,,,,
Groundnut,1,16087,"legumes, nuts and seeds",3500,,,,,,,,,,,,,,,,,
Goat meat,1,17168,meat,8000,,,,,,,,,,,,,,,,,
corn flour,1,20316,starchy staples,800,,,,,,,,,,,,,,,,,
white rice,1,20444,starchy staples,2150,,,,,,,,,,,,,,,,,
egg,0,,,,,,,,,,,,,,,,,,,,
lemon,0,,,,,,,,,,,,,,,,,,,,
plaintain,0,,,,,,,,,,,,,,,,,,,,
"plaintain, cooked",0,,,,,,,,,,,,,,,,,,,,
sardines,0,,,,,,,,,,,,,,,,,,,,
white fish,0,,,,,,,,,,,,,,,,,,,,
Dried nile fish  tilapia,1,,fish and seafood,16000,1700,0,335,28,2.5,58.6,0.3,0.1,9.4,0,12,0,5.2,,35,,
Dried ocean sardinnes,1,,fish and seafood,5000,1700,0,295,28,2.5,57,0.3,0.1,5.7,0,12,0,5.2,,0,,
Palm oil fortified refined bleached deodized vitamin A=2MG/100gm,1,,fats and oils,3500,6,0,862,0,0,0,0,0,100,600,0,0,0,,0,,
Fortified refiened Sunflower oil with Vitamin A = 2mg/100gm,1,,fats and oils,4000,0,0,884,0,0.3,0,0,0,100,600,0,0,0,,0,,
Cocoyam ,1,,starchy staples,1500,43,26.5,112,22,0.1,1.5,0,0.1,0.2,4,0,4.5,0.2,,14,,
Gallant soldier ,1,,vegetables,833,284,5.2,156,85,5.3,3.2,0.21,0.08,0.4,6667,0,6.7,1.3,,6,,
Black nightshade,1,,vegetables,1667,213,7.6,219,85,8.6,3.9,0.2,0.07,0.7,7333,0,2.1,1.12,,6,,
