Month,Month,ABW (kg),ABW (kg) - max,ABW (kg) - min,BC (1/ha/mo),BC (1/ha/mo) - max,BC (1/ha/mo) - min,Y (t/ha/mo),Y (t/ha/mo) - max,Y (t/ha/mo) - min,Y (kg/ha/yr)
2006-01-01,2006-01-01,14.8090982940699,,,86.4305627258647,,,1.3040057224606598,,,15353.615764456155
2006-02-01,2006-02-01,16.8884120171674,,,114.515229736706,,,1.9703147353361898,,,25684.459942775335
2006-03-01,2006-03-01,16.976157082748898,,,125.15229736706199,,,2.16452074391989,,,25485.48617841161
2006-04-01,2006-04-01,18.8515111695138,,,133.577697470315,,,2.5654506437768196,,,31212.98283261797
2006-05-01,2006-05-01,19.2015674748959,,,143.33711925658199,,,2.8040057224606603,,,33014.906087036805
2006-06-01,2006-06-01,18.937850758678,,,168.894166236448,,,3.25858369098712,,,39646.10157367663
2006-07-01,2006-07-01,18.0856019799097,,,241.141972121838,,,4.4431330472103,,,52314.308459089014
2006-08-01,2006-08-01,18.3024424042959,,,202.66597831698502,,,3.7789699570815496,,,44494.32368821825
2006-09-01,2006-09-01,17.7646624861675,,,95.1719153329892,,,1.72246065808298,,,20956.60467334292
2006-10-01,2006-10-01,17.3902687989112,,,206.352090862158,,,3.6559370529327597,,,43045.710461950235
2006-11-01,2006-11-01,16.948565776459,,,141.967991739804,,,2.45135908440629,,,29824.86886027653
2006-12-01,2006-12-01,16.2952312485023,,,146.496644295302,,,2.43204577968526,,,28635.37772855225
2007-01-01,2007-01-01,18.035211267605604,,,99.70056788848741,,,1.8319027181688101,,,21569.17716553599
2007-02-01,2007-02-01,17.4893131946423,,,123.186370676304,,,2.19492131616595,,,28612.367157163284
2007-03-01,2007-03-01,18.2718961958124,,,119.043882292204,,,2.21602288984263,,,26091.88241266322
2007-04-01,2007-04-01,18.5685483870968,,,104.47496128033,,,1.9763948497854098,,,24046.13733905582
2007-05-01,2007-05-01,19.5058139534884,,,132.84047496128,,,2.6398426323319,,,31082.018090359466
2007-06-01,2007-06-01,19.091226843760897,,,100.437790397522,,,1.9535050071530802,,,23767.64425369581
2007-07-01,2007-07-01,17.6923997606224,,,293.309241094476,,,5.28683834048641,,,62248.25787992063
2007-08-01,2007-08-01,20.0973096737264,,,122.65978316985,,,2.5114449213161696,,,29570.238589690383
2007-09-01,2007-09-01,18.8069125955467,,,316.900361383583,,,6.07188841201717,,,73874.6423462089
2007-10-01,2007-10-01,19.0199161425577,,,133.963861641714,,,2.5958512160228904,,,30564.05464026951
2007-11-01,2007-11-01,18.6983805668016,,,173.42281879194599,,,3.3036480686695295,,,40194.38483547927
2007-12-01,2007-12-01,18.7727064570295,,,229.978316985028,,,4.398426323319031,,,51787.92283907891
2008-01-01,2008-01-01,19.5468277945619,,,81.34021683014971,,,1.6198140200286102,,,19072.003784207827
2008-02-01,2008-02-01,17.9470588235294,,,119.35983479607599,,,2.1824034334763898,,,27468.1811454787
2008-03-01,2008-03-01,19.2591199699135,,,93.3464119772845,,,1.8315450643776798,,,21564.96608057591
2008-04-01,2008-04-01,19.3158953722334,,,157.028394424368,,,3.0901287553648102,,,37596.566523605194
2008-05-01,2008-05-01,19.786365064404603,,,111.74186886938601,,,2.2525035765379102,,,26521.413078591522
2008-06-01,2008-06-01,20.3992596509783,,,132.770263293753,,,2.75929899856938,,,33571.47114926079
2008-07-01,2008-07-01,19.9014778325123,,,163.909137842024,,,3.32331902718169,,,39129.40144907473
2008-08-01,2008-08-01,19.949719018042,,,118.692823954569,,,2.4123748211731,,,28403.768055747787
2008-09-01,2008-09-01,19.84375,,,112.338668043366,,,2.27110157367668,,,27631.735813066276
2008-10-01,2008-10-01,20.5411255411255,,,97.31337119256581,,,2.0364806866952803,,,23977.91776270249
2008-11-01,2008-11-01,21.0391742904058,,,149.656169334022,,,3.20779685264664,,,39028.19504053412
2008-12-01,2008-12-01,20.5900243309002,,,173.141972121838,,,3.63197424892704,,,42763.567769624824
2009-01-01,2009-01-01,19.988845510317898,,,125.889519876097,,,2.56366237482117,,,30185.056993862163
2009-02-01,2009-02-01,20.515186466743604,,,91.31027361899851,,,1.90844062947067,,,24877.88677702838
2009-03-01,2009-03-01,18.601223581757502,,,126.240578213733,,,2.39234620886981,,,28167.947297983246
2009-04-01,2009-04-01,18.0770416024653,,,113.918430562726,,,2.09799713876967,,,25525.631855030984
2009-05-01,2009-05-01,23.6721236925875,,,154.395456892101,,,3.72353361945637,,,43841.605519405646
2009-06-01,2009-06-01,22.6891166422645,,,143.863706763036,,,3.3254649499284703,,,40459.82355746305
2009-07-01,2009-07-01,23.0654028436019,,,181.42694889003602,,,4.35157367668097,,,51236.2707093082
2009-08-01,2009-08-01,23.9909067946451,,,142.459473412494,,,3.3969957081545097,,,39996.88495085148
2009-09-01,2009-09-01,25.2129547471162,,,79.1285493030459,,,2.0325464949928502,,,24729.315689079678
2009-10-01,2009-10-01,21.8879907621247,,,182.374806401652,,,4.0675965665236005,,,47892.66925100368
2009-11-01,2009-11-01,25.0,,,179.39081053175,,,4.56902718168813,,,55589.8307105389
2009-12-01,2009-12-01,23.259625390218503,,,134.94682498709298,,,3.19778254649499,,,37651.31062808617
2010-01-01,2010-01-01,21.3951067152525,,,70.2550367334646,,,1.46995708154506,,,17307.55918593377
2010-02-01,2010-02-01,21.1482916519901,,,103.828240128218,,,2.14735336194564,,,27992.284896791378
2010-03-01,2010-03-01,21.880480675544,,,112.605548205277,,,2.4095135908440604,,,28370.07937606716
2010-04-01,2010-04-01,21.731461483081397,,,101.59734099196501,,,2.15915593705293,,,26269.730567477312
2010-05-01,2010-05-01,21.9531914893617,,,85.9444749212086,,,1.8451359084406298,,,21724.987309059026
2010-06-01,2010-06-01,19.9679144385027,,,136.779717534179,,,2.67095851216023,,,32496.661897949463
2010-07-01,2010-07-01,22.527816411682895,,,105.18140845676399,,,2.31723891273248,,,27283.619456366294
2010-08-01,2010-08-01,23.010995207217398,,,129.721298955543,,,2.91917024320458,,,34370.87544418296
2010-09-01,2010-09-01,21.831036983321198,,,100.86589865221,,,2.15343347639485,,,26200.10729613734
2010-10-01,2010-10-01,21.6141843971631,,,128.916712381813,,,2.72496423462089,,,32084.256310858866
2010-11-01,2010-11-01,22.6177024482109,,,135.938558843461,,,3.00679542203147,,,36582.677634716216
2010-12-01,2010-12-01,21.8691351762617,,,144.20385728269198,,,3.08404864091559,,,36312.18561078033
2011-01-01,2011-01-01,22.92,,,96.85167958656331,,,2.25929899856938,,,26601.423692833017
2011-02-01,2011-02-01,22.855414049443898,,,87.1173126614987,,,2.0264152871449,,,26415.770707424592
2011-03-01,2011-03-01,22.28,,,169.209302325581,,,3.8321428571428595,,,45120.39170506915
2011-04-01,2011-04-01,23.3409744491569,,,97.06253229974159,,,2.30571428571428,,,28052.85714285707
2011-05-01,2011-05-01,23.5,,,117.09354005168001,,,2.7964285714285695,,,32925.691244239606
2011-06-01,2011-06-01,23.19,,,69.7219638242894,,,1.64285714285714,,,19988.0952380952
2011-07-01,2011-07-01,22.83,,,164.675968992248,,,3.82071428571429,,,44985.82949308761
2011-08-01,2011-08-01,23.82,,,141.657881136951,,,3.4296428571428597,,,40381.27880184334
2011-09-01,2011-09-01,23.96,,,277.060465116279,,,6.745357142857139,,,82068.51190476185
2011-10-01,2011-10-01,22.6077170159801,,,187.553488372093,,,4.31535714285715,,,50809.85023041482
2011-11-01,2011-11-01,22.69,,,172.934366925065,,,3.9885714285714307,,,48527.61904761907
2011-12-01,2011-12-01,22.48,,,193.24651162790698,,,4.415,,,51983.06451612903
2012-01-01,2012-01-01,21.59,,,167.873901808786,,,3.6881258941344797,,,43424.708108357576
2012-02-01,2012-02-01,22.04,,,106.26976744185998,,,2.38412017167382,,,30007.02974692911
2012-03-01,2012-03-01,20.5,,,110.346253229974,,,2.30185979971388,,,27102.54280308278
2012-04-01,2012-04-01,21.24,,,86.7307493540052,,,1.8748211731044298,,,22810.324272770562
2012-05-01,2012-05-01,21.88,,,90.24496124031009,,,2.01001430615164,,,23666.297475656407
2012-06-01,2012-06-01,22.85,,,134.207751937985,,,3.1212446351931296,,,37975.143061516406
2012-07-01,2012-07-01,21.34,,,152.65736434108499,,,3.3158082975679504,,,39040.968664912965
2012-08-01,2012-08-01,22.34,,,187.02635658914699,,,4.2528612303290405,,,50074.011260325795
2012-09-01,2012-09-01,21.85,,,166.468217054264,,,3.7017167381974305,,,45037.55364806874
2012-10-01,2012-10-01,21.91,,,213.628940568475,,,4.76323319027182,,,56083.22949836175
2012-11-01,2012-11-01,21.86,,,131.18552971576202,,,2.91917024320458,,,35516.57129232239
2012-12-01,2012-12-01,21.92,,,114.317312661499,,,2.5497138769671004,,,30020.824680419086
2013-01-01,2013-01-01,22.34,,,128.72878276667498,,,2.91416309012876,,,34311.920254741846
2013-02-01,2013-02-01,22.46,,,101.620555411368,,,2.3122317596566497,,,30141.592581238474
2013-03-01,2013-03-01,22.53,,,74.4064365429535,,,1.69849785407725,,,19998.442475425683
2013-04-01,2013-04-01,22.79,,,33.3911237996366,,,0.771101573676681,,,9381.735813066285
2013-05-01,2013-05-01,22.75,,,8.47132104853361,,,0.19527896995708202,,,2299.2523882043524
2013-06-01,2013-06-01,22.9,,,11.0833117051648,,,0.25715307582260394,,,3128.6957558416807
2013-07-01,2013-07-01,23.37,,,171.50895406177,,,4.06187410586552,,,47825.29189164242
2013-08-01,2013-08-01,23.39,,,97.5260835712432,,,2.31187410586552,,,27220.453181964993
2013-09-01,2013-09-01,23.1,,,142.212302102258,,,3.32868383404864,,,40498.98664759179
2013-10-01,2013-10-01,23.45,,,132.540877238515,,,3.1498569384835498,,,37087.02524343534
2013-11-01,2013-11-01,24.28,,,134.235141448222,,,3.30185979971388,,,40172.62756318554
2013-12-01,2013-12-01,23.39,,,170.767713470023,,,4.04756795422032,,,47656.848493239246
2014-01-01,2014-01-01,23.1,,,94.03166363872309,,,2.20135908440629,,,25919.227929299865
2014-02-01,2014-02-01,23.718629343629303,,,73.1357383856735,,,1.7576895565093003,,,22912.738861639093
2014-03-01,2014-03-01,23.3979591836735,,,86.47806903711391,,,2.0502503576537903,,,24140.044533665594
2014-04-01,2014-04-01,24.3491236380862,,,74.5123280560602,,,1.8383762517882698,,,22366.911063423948
2014-05-01,2014-05-01,24.633048433048398,,,123.893070334804,,,3.09234620886981,,,36409.88278185421
2014-06-01,2014-06-01,24.448902346707,,,93.2551258759408,,,2.31022889842632,,,28107.78493085356
2014-07-01,2014-07-01,24.105475040257602,,,87.6781728523229,,,2.14155937052933,,,25215.134523974368
2014-08-01,2014-08-01,24.120570264765803,,,173.30910978458303,,,4.23576537911302,,,49872.72139923394
2014-09-01,2014-09-01,24.0722781335773,,,154.319231767454,,,3.7640915593705295,,,45796.447305674774
2014-10-01,2014-10-01,25.47,,,147.506877757591,,,3.8061158798283303,,,44813.945036688405
2014-11-01,2014-11-01,25.32,,,82.84246042045159,,,2.12532188841202,,,25858.082975679576
2014-12-01,2014-12-01,27.08,,,171.473656890734,,,4.705078683834049,,,55398.50708385251
2015-01-01,2015-01-01,26.4506416584403,,,71.5120685180379,,,1.91389285714286,,,22534.544930875607
2015-02-01,2015-02-01,24.1491841491841,,,136.282377368284,,,3.33,,,43408.92857142857
2015-03-01,2015-03-01,24.7881331403763,,,121.951725927848,,,3.0586785714285694,,,36013.47350230412
2015-04-01,2015-04-01,24.504379768296104,,,124.916688294835,,,3.0971785714285693,,,37682.33928571426
2015-05-01,2015-05-01,24.7713016930336,,,127.175707241111,,,3.1875357142857097,,,37530.66244239626
2015-06-01,2015-06-01,19.983333333333302,,,163.072930184272,,,3.29725,,,40116.541666666664
2015-07-01,2015-07-01,24.652813852813896,,,163.072930184272,,,4.06771428571429,,,47894.05529953921
2015-08-01,2015-08-01,24.2915396341463,,,185.239553594602,,,4.55292857142857,,,53607.062211981545
2015-09-01,2015-09-01,25.701643192488298,,,150.365948611472,,,3.9103214285714305,,,47575.5773809524
2015-10-01,2015-10-01,25.314591439688698,,,181.427459122761,,,4.6470357142857095,,,54715.09792626722
2015-11-01,2015-11-01,24.3408784694153,,,130.98780171295098,,,3.2260357142857097,,,39250.10119047613
2015-12-01,2015-12-01,23.536359077231698,,,140.76511808979998,,,3.35225,,,39470.040322580644
2016-01-01,2016-01-01,23.74,,,98.655593044381,,,2.37267525035765,,,27936.33762517878
2016-02-01,2016-02-01,23.13,,,154.319231767454,,,3.61613018597997,,,45513.362685609965
2016-03-01,2016-03-01,21.54,,,78.9244744355048,,,1.72238912732475,,,20279.74295075915
2016-04-01,2016-04-01,23.18,,,94.3846353490786,,,2.21688125894134,,,26972.05531711963
2016-05-01,2016-05-01,25.02,,,76.3124837788736,,,1.9345135908440603,,,22777.337440583287
2016-06-01,2016-06-01,23.98,,,104.444329094212,,,2.5383047210300402,,,30882.70743919882
2016-07-01,2016-07-01,25.02,,,70.7708279262912,,,1.7941702432045799,,,21124.907702247474
2016-08-01,2016-08-01,24.32,,,159.22553854139602,,,3.92374821173104,,,46198.970880059016
2016-09-01,2016-09-01,24.79,,,143.341811575396,,,3.6001430615164502,,,43801.74058178348
2016-10-01,2016-10-01,24.8,,,130.070075266026,,,3.2684191702432,,,38482.99990770219
2016-11-01,2016-11-01,24.47,,,150.507137295614,,,3.7324391988555097,,,45411.34358607537
2016-12-01,2016-12-01,24.4,,,139.035556709058,,,3.43741058655222,,,40472.73755134065
2017-01-01,2017-01-01,24.925758715826397,,,145.800484001076,,,3.55432761087267,,,41849.34122479111
2017-02-01,2017-02-01,25.36,,,93.3971497714439,,,2.3164520743919903,,,30196.60739832416
2017-03-01,2017-03-01,25.32,,,87.3632696961549,,,2.16312589413448,,,25469.06294706727
2017-04-01,2017-04-01,24.72,,,120.238773863942,,,2.9074749642346203,,,35374.27873152121
2017-05-01,2017-05-01,25.76,,,155.162140360312,,,3.90861945636624,,,46020.841986247666
2017-06-01,2017-06-01,26.71,,,129.966119924711,,,3.3944921316166003,,,41299.65426800197
2017-07-01,2017-07-01,26.33,,,98.07797795106208,,,2.5253576537911298,,,29734.049794637496
2017-08-01,2017-08-01,26.55,,,121.11642914762,,,3.14520743919886,,,37032.28113895431
2017-09-01,2017-09-01,27.08,,,140.90024200053801,,,3.7321530758226,,,45407.8624225083
2017-10-01,2017-10-01,27.93,,,147.263242807206,,,4.02317596566524,,,47369.652498961696
2017-11-01,2017-11-01,27.12,,,167.888141973649,,,4.45225321888412,,,54169.0808297568
2017-12-01,2017-12-01,27.84,,,137.243344985211,,,3.73712446351931,,,44001.62674788865
