Month,Month,ABW (kg),Unnamed: 2,Unnamed: 3,BC (1/ha/mo),Unnamed: 5,Unnamed: 6,Y (t/ha/mo),Y (kg/ha/yr)
2004-01-01,2004-01-01,16.5823293173,,,270.91200000000003,,,4.4923519999999995,52893.821935483866
2004-02-01,2004-02-01,16.543307086600002,,,276.35200000000003,,,4.571776,57541.31862068965
2004-03-01,2004-03-01,16.5829959514,,,268.736,,,4.456448,52471.08129032258
2004-04-01,2004-04-01,16.3426294821,,,273.08799999999997,,,4.462976,54299.541333333334
2004-05-01,2004-05-01,15.905527638199999,,,216.512,,,3.4437376000000004,40547.23303225807
2004-06-01,2004-06-01,15.6321167883,,,149.056,,,2.3300607999999996,28349.07306666666
2004-07-01,2004-07-01,14.706382978699999,,,102.272,,,1.5040512,17708.989935483867
2004-08-01,2004-08-01,14.755102040799999,,,53.312,,,0.786624,9261.863225806452
2004-09-01,2004-09-01,15.146666666700002,,,81.6,,,1.235968,15037.610666666664
2004-10-01,2004-10-01,16.2393442623,,,132.736,,,2.1555456000000004,25379.811096774196
2004-11-01,2004-11-01,16.8676470588,,,147.968,,,2.4958720000000003,30366.44266666667
2004-12-01,2004-12-01,18.0817757009,,,232.832,,,4.210016,49569.543225806454
2005-01-01,2005-01-01,17.6547854785,,,329.664,,,5.8201472,68527.53961290323
2005-02-01,2005-02-01,15.7313432836,,,364.48,,,5.73376,74743.65714285715
2005-03-01,2005-03-01,11.978658536600001,,,356.86400000000003,,,4.274751999999999,50331.75741935483
2005-04-01,2005-04-01,13.387755102,,,319.872,,,4.282368,52102.144
2005-05-01,2005-05-01,13.614107883800001,,,262.20799999999997,,,3.569728,42030.668387096775
2005-06-01,2005-06-01,10.641025641,,,169.72799999999998,,,1.80608,21973.97333333333
2005-07-01,2005-07-01,11.6090909091,,,119.68,,,1.389376,16358.78193548387
2005-08-01,2005-08-01,12.7264150943,,,115.32799999999999,,,1.4677120000000001,17281.125161290325
2005-09-01,2005-09-01,11.4328358209,,,145.792,,,1.666816,20279.594666666668
2005-10-01,2005-10-01,12.2741935484,,,134.912,,,1.655936,19497.310967741934
2005-11-01,2005-11-01,13.5575757576,,,179.52,,,2.433856,29611.914666666667
2005-12-01,2005-12-01,13.3295019157,,,283.968,,,3.7851519999999996,44567.11225806451
2006-01-01,2006-01-01,13.2936802974,,,292.672,,,3.890688,45809.713548387095
2006-02-01,2006-02-01,14.677536231900001,,,300.288,,,4.407488,57454.75428571429
2006-03-01,2006-03-01,15.7032520325,,,267.64799999999997,,,4.2029440000000005,49486.27612903226
2006-04-01,2006-04-01,16.6453900709,,,306.816,,,5.1070720000000005,62136.04266666667
2006-05-01,2006-05-01,16.1534883721,,,233.92,,,3.7786239999999998,44490.25032258064
2006-06-01,2006-06-01,15.3276836158,,,192.576,,,2.9517439999999997,35912.885333333325
2006-07-01,2006-07-01,15.0202702703,,,161.024,,,2.4186240000000003,28477.347096774196
2006-08-01,2006-08-01,16.1034482759,,,157.76,,,2.54048,29912.10322580645
2006-09-01,2006-09-01,16.652173913,,,100.096,,,1.666816,20279.594666666668
2006-10-01,2006-10-01,17.9482758621,,,63.104,,,1.132608,13335.545806451611
2006-11-01,2006-11-01,20.300990099,,,109.88799999999999,,,2.2308352000000005,27141.82826666667
2006-12-01,2006-12-01,21.7609195402,,,94.656,,,2.0598016,24252.50270967742
2007-01-01,2007-01-01,20.4930232558,,,140.352,,,2.8762368,33865.36877419355
2007-02-01,2007-02-01,22.1816993464,,,166.46400000000003,,,3.6924544000000004,48133.78057142858
2007-03-01,2007-03-01,20.782142857100002,,,121.85600000000001,,,2.5324287999999995,29817.306838709672
2007-04-01,2007-04-01,20.4885496183,,,142.528,,,2.9201919999999997,35529.00266666666
2007-05-01,2007-05-01,20.7194244604,,,151.232,,,3.1334400000000002,36893.72903225807
2007-06-01,2007-06-01,20.874015747999998,,,138.17600000000002,,,2.884288,35092.170666666665
2007-07-01,2007-07-01,19.9777777778,,,146.88,,,2.934336,34549.44
2007-08-01,2007-08-01,19.0296296296,,,146.88,,,2.7950720000000002,32909.71870967742
2007-09-01,2007-09-01,20.435971223,,,151.232,,,3.0905728,37601.969066666665
2007-10-01,2007-10-01,20.539047619,,,114.24,,,2.3463808,27626.74167741935
2007-11-01,2007-11-01,19.1422764228,,,267.64799999999997,,,5.123392,62334.60266666666
2007-12-01,2007-12-01,19.7790322581,,,202.368,,,4.0026432000000005,47127.895741935485
2008-01-01,2008-01-01,19.4214285714,,,253.86666666669998,,,4.9304533333,58052.11182756451
2008-02-01,2008-02-01,18.4697674419,,,129.9555555556,,,2.4002488888999998,30210.02911891379
2008-03-01,2008-03-01,18.9163636364,,,166.2222222222,,,3.14432,37021.83225806452
2008-04-01,2008-04-01,17.5894736842,,,57.422222222200006,,,1.0100266667,12288.657778183333
2008-05-01,2008-05-01,19.422222222200002,,,81.6,,,1.5848533333000001,18660.369892080646
2008-06-01,2008-06-01,18.060606060599998,,,99.7333333333,,,1.8012444444,21915.1407402
2008-07-01,2008-07-01,18.6,,,90.6666666667,,,1.6864,19855.999999999996
2008-08-01,2008-08-01,16.75,,,78.5777777778,,,1.3161777778000001,15496.931899903226
2008-09-01,2008-09-01,17.9913043478,,,69.51111111109999,,,1.2505955556000001,15215.5792598
2008-10-01,2008-10-01,18.551515151500002,,,99.7333333333,,,1.8502044443999999,21784.66523245161
2008-11-01,2008-11-01,16.1396226415,,,160.1777777778,,,2.5852088889,31453.37481495
2008-12-01,2008-12-01,19.3639344262,,,184.3555555556,,,3.5698488888999997,42032.09175640322
2009-01-01,2009-01-01,21.0172413793,,,175.2888888889,,,3.6840888889,43377.17562737096
2009-02-01,2009-02-01,21.625,,,193.42222222220002,,,4.1827555556,54525.206349785716
2009-03-01,2009-03-01,20.9,,,160.1777777778,,,3.3477155556000002,39416.65089658064
2009-04-01,2009-04-01,20.64,,,105.77777777780001,,,2.1832533333,26562.91555515
2009-05-01,2009-05-01,18.9463414634,,,123.91111111110001,,,2.3476622222,27641.829390419356
2009-06-01,2009-06-01,20.86,,,90.6666666667,,,1.8913066666999998,23010.89777818333
2009-07-01,2009-07-01,19.894827586199998,,,175.2888888889,,,3.4873422222,41060.642293645156
2009-08-01,2009-08-01,20.3117647059,,,102.7555555556,,,2.0871466667,24574.46881759677
2009-09-01,2009-09-01,21.701818181799997,,,166.2222222222,,,3.6073244444,43889.11407353333
2009-10-01,2009-10-01,22.679166666700002,,,145.0666666667,,,3.2899911111,38736.99211456451
2009-11-01,2009-11-01,21.8596491228,,,172.2666666667,,,3.7656888888999998,45815.88148161666
2009-12-01,2009-12-01,22.1939393939,,,99.7333333333,,,2.2134755556,26061.889606258064
2010-01-01,2010-01-01,18.3223880597,,,202.4888888889,,,3.7100800000000005,43683.200000000004
2010-02-01,2010-02-01,18.0105263158,,,114.84444444440001,,,2.0684088889,26963.187301732145
2010-03-01,2010-03-01,19.7757575758,,,99.7333333333,,,1.9723022222,23222.26810009677
2010-04-01,2010-04-01,20.5818181818,,,66.48888888890001,,,1.3684622222,16649.62370343333
2010-05-01,2010-05-01,24.6363636364,,,33.2444444444,,,0.8190222222,9643.326164612903
2010-06-01,2010-06-01,25.383333333299998,,,36.2666666667,,,0.9205688889,11200.25481495
2010-07-01,2010-07-01,22.5153846154,,,78.5777777778,,,1.7692088889,20831.007885435483
2010-08-01,2010-08-01,23.78,,,120.8888888889,,,2.8747377777999996,33847.71899667741
2010-09-01,2010-09-01,21.2146341463,,,123.91111111110001,,,2.6287288889,31982.868148283334
2010-10-01,2010-10-01,22.2875,,,145.0666666667,,,3.2331733333,38068.00860175806
2010-11-01,2010-11-01,22.5571428571,,,169.24444444440002,,,3.8176711111,46448.33185171666
2010-12-01,2010-12-01,24.6204081633,,,148.0888888889,,,3.6460088889,42928.81433704838
2011-01-01,2011-01-01,22.68,,,196.44444444439998,,,4.45536,52458.270967741926
2011-02-01,2011-02-01,22.1655172414,,,175.2888888889,,,3.8853688889,50648.55873030357
2011-03-01,2011-03-01,21.9333333333,,,126.9333333333,,,2.7840711111000003,32780.19211456452
2011-04-01,2011-04-01,23.0739130435,,,139.02222222219999,,,3.2077866667,39028.07111151667
2011-05-01,2011-05-01,25.074285714299997,,,105.77777777780001,,,2.6523022222,31228.719713
2011-06-01,2011-06-01,25.5705882353,,,102.7555555556,,,2.62752,31968.16
2011-07-01,2011-07-01,24.435897435900003,,,117.8666666667,,,2.8801777777999997,33911.770609580635
2011-08-01,2011-08-01,23.509,,,90.6666666667,,,2.1314826666999998,25096.48946275806
2011-09-01,2011-09-01,25.534615384600002,,,157.1555555556,,,4.0129066667,48823.697778183334
2011-10-01,2011-10-01,23.375757575799998,,,99.7333333333,,,2.3313422222,27449.674551709675
2011-11-01,2011-11-01,21.281081081099998,,,111.8222222222,,,2.3796977778,28952.9896299
2011-12-01,2011-12-01,24.291489361700002,,,142.0444444444,,,3.4504711111,40626.51469520968
2012-01-01,2012-01-01,22.230303030300004,,,99.7333333333,,,2.2171022222,26104.59068074193
2012-02-01,2012-02-01,20.72,,,75.55555555560001,,,1.5655111111000002,19703.846743155173
2012-03-01,2012-03-01,21.6181818182,,,66.48888888890001,,,1.4373688888999998,16923.859498338705
2012-04-01,2012-04-01,19.752941176500002,,,102.7555555556,,,2.0297244443999998,24694.980740199997
2012-05-01,2012-05-01,25.1225806452,,,93.6888888889,,,2.3537066667,27712.997849854837
2012-06-01,2012-06-01,26.531034482800003,,,87.64444444440001,,,2.3252977778,28291.12296323333
2012-07-01,2012-07-01,24.46,,,90.6666666667,,,2.2177066667,26111.70752727419
2012-08-01,2012-08-01,24.268,,,151.1111111111,,,3.6671644444,43177.90394212903
2012-09-01,2012-09-01,20.9125,,,145.0666666667,,,3.0337066667,36910.09777818333
2012-10-01,2012-10-01,25.03,,,120.8888888889,,,3.0258488888999997,35626.93046608064
2012-11-01,2012-11-01,24.229333333299998,,,226.6666666667,,,5.4919822222,66819.11703676666
2012-12-01,2012-12-01,23.9888888889,,,163.2,,,3.9149866667,46095.810753080645
2013-01-01,2013-01-01,24.0791666667,,,145.0666666667,,,3.4930844444,41128.252329225805
2013-02-01,2013-02-01,23.45,,,108.8,,,2.55136,33258.799999999996
2013-03-01,2013-03-01,22.0277777778,,,108.8,,,2.3966222222,28218.293906548388
2013-04-01,2013-04-01,23.295,,,120.8888888889,,,2.8161066667,34262.63111151667
2013-05-01,2013-05-01,27.3,,,42.311111111100004,,,1.1550933333,13600.292472725807
2013-06-01,2013-06-01,27.285714285700003,,,63.4666666667,,,1.7317333333000002,21069.42222181667
2013-07-01,2013-07-01,28.0416666667,,,72.53333333329999,,,2.0339555556,23948.18638045161
2013-08-01,2013-08-01,29.5885714286,,,105.77777777780001,,,3.1298133333,36851.02795659677
2013-09-01,2013-09-01,23.834146341500002,,,123.91111111110001,,,2.9533155556,35932.00592646666
2013-10-01,2013-10-01,26.3965517241,,,175.2888888889,,,4.6270222222,54479.455196870964
2013-11-01,2013-11-01,26.6294117647,,,102.7555555556,,,2.73632,33291.89333333333
2013-12-01,2013-12-01,24.6108108108,,,111.8222222222,,,2.7520355556,32402.999283677418
2014-01-01,2014-01-01,27.7630434783,,,139.02222222219999,,,3.8596800000000004,45444.61935483871
2014-02-01,2014-02-01,25.025390625,,,193.42222222220002,,,4.8404666667,63098.94047662501
2014-03-01,2014-03-01,25.3857142857,,,95.2,,,2.41672,28454.929032258067
2014-04-01,2014-04-01,24.716299559499998,,,85.7555555556,,,2.11956,25787.98
2014-05-01,2014-05-01,23.970897832800002,,,122.0222222222,,,2.9249822222,34439.30680977419
2014-06-01,2014-06-01,26.4666666667,,,45.3333333333,,,1.1998222222,14597.837036766665
2014-07-01,2014-07-01,25.7482926829,,,77.44444444439999,,,1.9940622222,23478.474551709674
2014-08-01,2014-08-01,28.1,,,120.8888888889,,,3.3969777777999997,39996.67383538709
2014-09-01,2014-09-01,23.865,,,120.8888888889,,,2.8850133333,35100.995555149995
2014-10-01,2014-10-01,25.76,,,120.8888888889,,,3.1140977777999996,36665.98996441935
2014-11-01,2014-11-01,26.2,,,126.9333333333,,,3.3256533333,40462.11555515
2014-12-01,2014-12-01,26.121739130399998,,,69.51111111109999,,,1.8157511111000002,21379.00501779032
2015-01-01,2015-01-01,24.2275334608,,,197.57777777779998,,,4.7868222222000005,56360.97132590323
2015-02-01,2015-02-01,25.6,,,114.08888888889999,,,2.9206755556,38073.09206407143
2015-03-01,2015-03-01,25.745877378400003,,,178.68888888889998,,,4.6005022222,54167.20358396775
2015-04-01,2015-04-01,36.4527472527,,,103.1333333333,,,3.7594933333,45740.50222181666
2015-05-01,2015-05-01,25.7957186544,,,123.53333333329999,,,3.1866311111,37520.01146940322
2015-06-01,2015-06-01,24.781355932199997,,,89.15555555559999,,,2.2093955556,26880.9792598
2015-07-01,2015-07-01,26.0860335196,,,67.62222222220001,,,1.7639955556,20769.62509012903
2015-08-01,2015-08-01,23.75125,,,120.8888888889,,,2.8712622222000004,33806.79713235484
2015-09-01,2015-09-01,25.689486552600002,,,154.5111111111,,,3.9693111111,48293.28518505
2015-10-01,2015-10-01,22.4470175439,,,107.6666666667,,,2.4167955556,28455.818638516124
2015-11-01,2015-11-01,23.9411411411,,,125.8,,,3.0117955556,36643.51259313333
2015-12-01,2015-12-01,23.3299610895,,,97.08888888889999,,,2.2650799999999998,26669.49032258064
