date,generative_bunch_count (1/ha/mo),generative_bunch_weight (kg),generative_FFB_production (t/ha/yr)
1994-10-11,0.0,0.0,0.0
1994-10-21,0.0,0.0,0.0
1994-10-31,0.0,0.0,0.0
1994-11-10,0.0,0.0,0.0
1994-11-20,0.0,0.0,0.0
1994-11-30,0.0,0.0,0.0
1994-12-10,0.0,0.0,0.0
1994-12-20,0.0,0.0,0.0
1994-12-30,0.0,0.0,0.0
1995-01-09,0.0,0.0,0.0
1995-01-19,0.0,0.0,0.0
1995-01-29,0.0,0.0,0.0
1995-02-08,0.0,0.0,0.0
1995-02-18,0.0,0.0,0.0
1995-02-28,0.0,0.0,0.0
1995-03-10,0.0,0.0,0.0
1995-03-20,0.0,0.0,0.0
1995-03-30,0.0,0.0,0.0
1995-04-09,0.0,0.0,0.0
1995-04-19,0.0,0.0,0.0
1995-04-29,0.0,0.0,0.0
1995-05-09,0.0,0.0,0.0
1995-05-19,0.0,0.0,0.0
1995-05-29,0.0,0.0,0.0
1995-06-08,0.0,0.0,0.0
1995-06-18,0.0,0.0,0.0
1995-06-28,0.0,0.0,0.0
1995-07-08,0.0,0.0,0.0
1995-07-18,0.0,0.0,0.0
1995-07-28,0.0,0.0,0.0
1995-08-07,0.0,0.0,0.0
1995-08-17,0.0,0.0,0.0
1995-08-27,0.0,0.0,0.0
1995-09-06,0.0,0.0,0.0
1995-09-16,0.0,0.0,0.0
1995-09-26,0.0,0.0,0.0
1995-10-06,0.0,0.0,0.0
1995-10-16,0.0,0.0,0.0
1995-10-26,0.0,0.0,0.0
1995-11-05,0.0,0.0,0.0
1995-11-15,0.0,0.0,0.0
1995-11-25,0.0,0.0,0.0
1995-12-05,0.0,0.0,0.0
1995-12-15,0.0,0.0,0.0
1995-12-25,0.0,0.0,0.0
1996-01-04,0.0,0.0,0.0
1996-01-14,0.0,0.0,0.0
1996-01-24,0.0,0.0,0.0
1996-02-03,0.0,0.0,0.0
1996-02-13,0.0,0.0,0.0
1996-02-23,0.0,0.0,0.0
1996-03-04,0.0,0.0,0.0
1996-03-14,0.0,0.0,0.0
1996-03-24,0.0,0.0,0.0
1996-04-03,0.0,0.0,0.0
1996-04-13,0.0,0.0,0.0
1996-04-23,0.0,0.0,0.0
1996-05-03,0.0,0.0,0.0
1996-05-13,0.0,0.0,0.0
1996-05-23,0.0,0.0,0.0
1996-06-02,0.0,0.0,0.0
1996-06-12,0.0,0.0,0.0
1996-06-22,0.0,0.0,0.0
1996-07-02,0.0,0.0,0.0
1996-07-12,0.0,0.0,0.0
1996-07-22,0.0,0.0,0.0
1996-08-01,0.0,0.0,0.0
1996-08-11,0.0,0.0,0.0
1996-08-21,0.0,0.0,0.0
1996-08-31,0.0,0.0,0.0
1996-09-10,0.0,0.0,0.0
1996-09-20,0.0,0.0,0.0
1996-09-30,0.0,0.0,0.0
1996-10-10,0.0,0.0,0.0
1996-10-20,0.0,0.0,0.0
1996-10-30,0.0,0.0,0.0
1996-11-09,0.0,0.0,0.0
1996-11-19,0.0,0.0,0.0
1996-11-29,0.0,0.0,0.0
1996-12-09,0.026138951028856668,0.0,0.0
1996-12-19,0.026138312076531476,0.0,0.0
1996-12-29,0.026137668176017405,0.0,0.0
1997-01-08,0.04309139059306739,0.0,0.0
1997-01-18,0.04309031251904032,0.0,0.0
1997-01-28,0.04309031251904032,0.0,0.0
1997-02-07,0.038919301002064206,0.0,0.0
1997-02-17,0.06416233369481208,0.0,0.0
1997-02-27,0.06416069083416281,0.0,0.0
1997-03-09,0.07103321764440511,0.0,0.0
1997-03-19,0.11710155773850695,0.0,0.0
1997-03-29,0.11709848921030058,0.0,0.0
1997-04-08,0.113318126162535,0.0,0.0
1997-04-18,0.18680038171842397,0.0,0.0
1997-04-28,0.18679537242948524,0.0,0.0
1997-05-08,0.19301666875613516,0.0,0.0
1997-05-18,0.3181528076307347,0.0,0.0
1997-05-28,0.3181440769402917,0.0,0.0
1997-06-07,0.3078728508387098,0.0,0.0
1997-06-17,0.5074004195783685,0.0,0.0
1997-06-27,0.5073861713322881,0.0,0.0
1997-07-07,0.5242842076546377,0.0,0.0
1997-07-17,0.8638633181126881,0.0,0.0
1997-07-27,0.8638384961434935,0.0,0.0
1997-08-06,0.8638134842398578,0.0,0.0
1997-08-16,1.4227605586285326,0.0,0.0
1997-08-26,1.4227187287993772,0.0,0.0
1997-09-05,1.3767837866111048,0.0,0.0
1997-09-15,2.266229819476102,0.0,0.0
1997-09-25,2.266229819476102,0.0,0.0
1997-10-05,2.341629388560218,0.0,0.0
1997-10-15,2.3415578669190724,0.0,0.0
1997-10-25,3.8502911940695896,0.0,0.0
1997-11-04,3.7259726985679453,0.0,0.0
1997-11-14,3.725856266323757,0.0,0.0
1997-11-24,6.1161499871979075,0.0,0.0
1997-12-04,6.319821136473031,0.0,0.0
1997-12-14,6.319619098221523,0.0,0.0
1997-12-24,10.345219625661937,0.0,0.0
1998-01-03,10.344883845893563,0.0,0.0
1998-01-13,10.344545523976377,0.0,0.0
1998-01-23,16.858010334525954,0.0,0.0
1998-02-02,15.226084411189891,0.0,0.0
1998-02-12,15.225575023453514,0.0,0.0
1998-02-22,24.63346634083488,0.0,0.0
1998-03-04,27.271840012420405,0.0,0.0
1998-03-14,27.270906736611245,0.0,0.0
1998-03-24,43.61859643492169,0.0,0.0
1998-04-03,42.2100784706161,0.0,0.0
1998-04-13,42.108751951173936,0.0,0.0
1998-04-23,65.88599331624624,0.0,0.0
1998-05-03,68.08219309345445,0.0,0.0
1998-05-13,67.79177317299147,0.0,0.0
1998-05-23,67.50371306534659,0.0,0.0
1998-06-02,99.55058230004333,0.0,0.0
1998-06-12,99.13086581206538,0.0,0.0
1998-06-22,98.71455856052712,0.0,0.0
1998-07-02,149.752217835595,0.0,0.0
1998-07-12,149.1282766244402,0.0,0.0
1998-07-22,148.50940167866526,0.0,0.0
1998-08-01,207.61616058405923,0.0,0.0
1998-08-11,206.7614310042215,0.0,0.0
1998-08-21,205.91363902219632,0.0,0.0
1998-08-31,271.5902476005917,0.0,0.0
1998-09-10,261.76027198623945,0.0,0.0
1998-09-20,260.6999454499132,0.0,0.0
1998-09-30,323.24091564334594,0.08908325485675245,350.3434598986988
1998-10-10,332.67363160773726,0.2154265776965944,843.8180906680851
1998-10-20,331.34253408816767,0.34038908737220935,1327.9569263497192
1998-10-30,387.60055578889904,0.46363754676729163,2115.895236975336
1998-11-09,373.60884573055284,0.5848391593829615,2658.4298465136567
1998-11-19,372.1324459391149,0.7036615947212436,3185.906276010587
1998-11-29,372.1324459391149,0.7036615947212436,3185.906276010587
1998-12-09,383.0236135297062,0.8197794041688437,3697.0363688362168
1998-12-19,426.6732838133053,0.9332365651484695,4688.332099570635
1998-12-29,425.0082708418817,1.0536864641261128,5272.783666987855
1999-01-08,423.35674746784423,1.172588309164798,5844.9825171191005
1999-01-18,454.32987875538157,1.2982994838124418,6945.08161871189
1999-01-28,452.5793504242346,1.4257847040220852,7597.660033701954
1999-02-07,407.21303024328506,1.5529419307158765,8243.501397518374
1999-02-17,425.6201415156113,1.6794512512348507,9318.036496963889
1999-02-27,424.00118061831387,1.8067621060460743,9986.260075424567
1999-03-09,467.65196525727924,1.9328394297181033,10642.64830998603
1999-03-19,480.222044008398,2.0573274298956883,11632.596903430769
1999-03-29,478.4189695582534,2.209157281435778,12444.177542402109
1999-04-08,461.25530465455233,2.371104311549226,13306.494039361554
1999-04-18,468.2768485103414,2.530242605765061,14415.72407296346
1999-04-28,466.54155449524694,2.686219135131948,15247.6663540686
1999-05-08,480.31430062223916,2.838682362500678,16053.638799229599
1999-05-18,484.1337793955313,2.987281631984389,17028.356145586462
1999-05-28,482.363358841222,3.1316671968772662,17786.114528012462
1999-06-07,466.80325049150514,3.1316671968772662,17786.114528012462
1999-06-17,465.10378515061547,3.271490247624757,18512.587049918784
1999-06-27,466.721045329007,3.406722553822465,19344.867522835422
1999-07-07,480.5382427267696,3.537399584264988,20014.430958595567
1999-07-17,478.8121255861838,3.6923422278874196,20816.046907810847
1999-07-27,479.1714158127973,3.846149173587124,21699.423609718106
1999-08-06,477.4656840308691,3.9950823114135394,22459.44737520072
1999-08-16,475.7737192886762,4.16414413388371,23326.918545634555
1999-08-26,475.3472019534134,4.33532928253568,24264.100808387506
1999-09-05,458.39809799924325,4.504001382720333,25119.612284570376
1999-09-15,456.7958037406777,4.668919800095672,25948.372834339843
1999-09-25,455.9366013338008,4.829711915279608,26791.516305566347
1999-10-05,469.5027637053826,4.98912392560932,27579.95893912618
1999-10-15,467.88419184040436,5.1460045735865485,28349.128379311027
1999-10-25,466.73274838906246,5.2979733869100185,29114.4920359383
1999-11-04,450.1341332858475,5.444665343795821,29818.42820599244
1999-11-14,448.6038396781055,5.585716773642412,30486.91690279302
1999-11-24,447.35010534291047,5.72076538640437,31136.750812042526
1999-12-04,462.26177552100745,5.72076538640437,31136.750812042526
1999-12-14,460.70491517945203,5.849479654987908,31730.086139604
1999-12-24,459.160586006707,5.971511812967222,32283.459520536162
2000-01-03,457.7927893498282,6.087672515259339,32813.412652072024
2000-01-13,456.27266655909744,6.196899605065469,33291.24858480056
2000-01-23,454.76476996641503,6.349119145793869,33996.28494698721
2000-02-02,424.11808321792915,6.497925021093904,34686.170319540055
2000-02-12,422.72975910013196,6.638970857626875,35323.07073209838
2000-02-22,421.35259232060935,6.7752554782372245,35930.74423024923
2000-03-03,449.01032266059036,6.949297963855443,36739.09290872872
2000-03-13,447.56154496661304,7.117362732148655,37506.19738961967
2000-03-23,446.1244008716358,7.280845824515457,38244.49961854061
2000-04-02,430.38812057451025,7.437678490873691,38946.57635001582
2000-04-12,429.0194631657953,7.587478063562638,39604.63848161134
2000-04-22,427.66178657783047,7.729868418231137,40220.19360931936
2000-05-02,440.54688892199766,7.868657071293629,40815.38785015023
2000-05-12,439.1663008586432,8.003449014263069,41384.466472974294
2000-05-22,439.1663008586432,8.003449014263069,41384.466472974294
2000-06-01,423.6488870455918,8.231300524102076,42427.37255601263
2000-06-11,422.34650363677474,8.348683514313235,42900.12038892214
2000-06-21,421.0421755073268,8.457168755499245,43323.36756595059
2000-07-01,433.73990142195635,8.558465893481989,43707.55083326288
2000-07-11,432.4213149737488,8.650047895574291,44040.95987872265
2000-07-21,431.10559433255963,8.80157434745264,44676.093488518876
2000-07-31,429.80039899801056,8.94853244881663,45284.523489871994
2000-08-10,428.51028397003563,9.084705810189666,45835.63875082714
2000-08-20,427.2258630245752,9.209619773881752,46326.597772550354
2000-08-30,425.9517066070164,9.346443968377573,46874.63942092283
2000-09-09,410.9908258204113,9.516684316952206,47587.11768237219
2000-09-19,409.77738236199986,9.677918985151257,48250.47308610254
2000-09-29,408.57362600582996,9.83194032715585,48874.370040024645
2000-10-09,420.9604697031121,9.976532011212917,49448.38208156897
2000-10-19,419.7363534793566,10.111076714685067,49969.51811418578
2000-10-29,418.52199886279703,10.235202135690649,50436.60963409088
2000-11-08,405.0212892220617,10.235202135690649,50436.60963409088
2000-11-18,403.8564515493035,10.348538383937962,50848.441883917214
2000-11-28,402.69992441009344,10.457254608513573,51235.48362469046
2000-12-08,414.9376963755034,10.55963434865031,51589.69284473414
2000-12-18,413.76218392717556,10.652855759737436,51897.68823989373
2000-12-28,412.59542389676614,10.734212646277811,52146.57294196751
2001-01-07,411.4379464991854,10.873840365146055,52676.68873852937
2001-01-17,410.2896741529676,11.024159710847929,53255.841834985025
2001-01-27,409.150893792596,11.160425278956092,53764.47619246722
2001-02-06,368.5349164135258,11.280933402896679,54194.91124202229
2001-02-16,365.7358387974558,11.373536829793728,54224.7914955894
2001-02-26,361.09294135601044,11.445693196188493,53876.07296627198
2001-03-08,398.6944119690345,11.538214043580249,54163.897874080656
2001-03-18,386.9212335606852,11.591969695090825,52809.36816275022
2001-03-28,389.7737482269563,11.657705206304582,53500.37486145089
2001-04-07,388.4772367272683,11.805869093242164,55800.122063830015
2001-04-17,388.4772367272683,11.805869093242164,55800.122063830015
2001-04-27,387.4428970927327,11.999557355321016,56564.57639784115
2001-05-07,399.29738502539357,12.206637236813922,57388.341611093194
2001-05-17,398.2454224301641,12.308570548922921,57715.11727048579
2001-05-27,397.2017816448854,12.409529676502032,58036.02785038113
2001-06-06,383.38687797811673,12.510791219305291,58357.09043703348
2001-06-16,382.39280760715934,12.635531984580252,58786.128039523406
2001-06-26,381.4065896679729,12.820792766839672,59494.20729348829
2001-07-06,393.1091255759119,12.989868058183754,60124.16196452148
2001-07-16,390.92734205253413,13.118421805884028,60382.18275812454
2001-07-26,387.47433949557137,13.229566596228327,60355.900523241275
2001-08-05,385.76734019857037,13.316542973476109,60485.06089303263
2001-08-15,377.7321505460382,13.421025806130285,59689.89752269245
2001-08-25,379.181807272795,13.57393640288873,60601.65335562794
2001-09-04,366.73030000744563,13.72236206075168,61227.60579009475
2001-09-14,366.73030000744563,13.72236206075168,61227.60579009475
2001-09-24,372.18212636434725,13.835379974034554,62649.58717650448
2001-10-04,383.6432213236201,13.922078723338963,62887.27619561674
2001-10-14,379.2092188266014,13.939096465969458,62236.43119139532
2001-10-24,376.11293676583864,13.94123920915389,61737.753345326564
2001-11-03,368.03318839511735,14.003840804818164,62705.517870960975
2001-11-13,369.27112808717936,14.120943214214062,63442.55566947523
2001-11-23,368.38816330320697,14.29345112214035,64064.048174818265
2001-12-03,379.6945737861441,14.4703016420651,64690.892913142256
2001-12-13,376.51459535003534,14.600221991519733,64725.057626857255
2001-12-23,354.79945616264484,14.591818485015091,60956.99293423209
2002-01-02,335.19560236950656,14.316779849979948,56503.432281259986
2002-01-12,333.0970729925713,14.042788075731428,55075.104377697084
2002-01-22,342.28287015698356,13.990580828909724,56383.506415100295
2002-02-01,311.1010292886785,14.139078120498782,57339.95861125982
2002-02-11,311.1010292886785,14.139078120498782,57339.95861125982
2002-02-21,292.6767714734301,14.059028650456156,53638.71989806452
2002-03-03,314.9336724373251,13.824660633681923,51263.08604520276
2002-03-13,344.70237607599427,13.869871235242838,56292.155267404734
2002-03-23,356.9644302838215,14.131446459192958,59394.021388810695
2002-04-02,337.0429826993534,14.36276665211157,58897.24816561696
2002-04-12,333.10113606583514,14.394825455800921,58338.34800569306
2002-04-22,315.82025562501383,14.557196363388995,55935.73263280658
2002-05-02,338.0187940394509,14.58584152339675,58050.17177590411
2002-05-12,335.9908237297756,14.882906309737566,58877.089739779265
2002-05-22,363.4383553340155,15.236365796020634,65199.35806623268
2002-06-01,325.0334123065867,15.768708226411507,62358.510683719294
2002-06-11,324.7133526279126,16.043464520421125,63382.5803516804
2002-06-21,326.20615604305124,16.16588221249672,64159.82526293005
2002-07-01,337.0796945778196,16.16588221249672,64159.82526293005
2002-07-11,338.16665306628886,16.298410442309805,64894.39683856272
2002-07-21,324.19687213127054,16.508895751172528,63017.04236058208
2002-07-31,322.1287408542488,16.745608042274732,63512.84503955842
2002-08-10,328.7040229386523,16.975235584123066,65697.9775094808
2002-08-20,328.55063102424447,16.890568574266908,65339.7916662351
2002-08-30,332.4245672212317,16.78809096212088,65709.11172522912
2002-09-09,321.0556432601412,16.68504412622795,65174.73549303446
2002-09-19,301.099413971753,16.72157997222774,61257.43815222149
2002-09-29,276.85859146328755,16.542252981180756,55721.68912998872
2002-10-09,280.41942709086106,16.206036153488522,53507.67391467378
2002-10-19,294.2475883845493,15.905190682642763,55103.97936854429
2002-10-29,309.2536906564074,15.824164088333882,57619.14897556421
2002-11-08,310.10835175113067,16.053436879334257,60569.375682192454
2002-11-18,310.10835175113067,16.053436879334257,60569.375682192454
2002-11-28,330.37989898203836,16.379269833777716,65838.47507584354
2002-12-08,336.62590178136566,16.6932213435928,66163.55810562408
2002-12-18,336.1296653213366,16.788058112379975,66441.35449899813
2002-12-28,298.6799284943652,16.421295823523813,57749.02205675943
2003-01-07,280.8869175956794,15.930479661154749,52685.55208588656
2003-01-17,300.61007052904245,16.01192845386967,56673.27850856986
2003-01-27,313.8373351085492,16.25686911108174,60072.082414389995
2003-02-06,205.2668215743403,16.379371766013954,43827.91704838833
2003-02-16,275.5354720198095,16.45540746127551,59104.560309789566
2003-02-26,283.40145453077264,16.73543200594594,61826.382393941516
2003-03-08,301.8162562743057,17.31099620434988,61517.1007862288
2003-03-18,300.9820474137395,17.686548260399444,62677.95903517362
2003-03-28,298.83158798831516,18.09708134790247,63674.5980115744
2003-04-07,289.19185934353084,18.09708134790247,63674.5980115744
2003-04-17,314.60565129956666,18.446107295740045,70606.20346323548
2003-04-27,318.73124266923656,18.57859275035122,72045.86511144221
2003-05-07,325.68969208419287,18.49223773720918,70912.80301036977
2003-05-17,326.0823153010037,18.62528657468894,71509.11122058172
2003-05-27,301.3794768330383,18.830650168508015,66820.56761667685
2003-06-06,286.07323622672243,19.054791377062376,66321.30099081222
2003-06-16,287.21187778551615,19.07387804009367,66651.97266399123
2003-06-26,291.10751087865646,18.909767442269136,66974.76653219425
2003-07-06,281.5623134516538,18.8112305931823,62362.4117971439
2003-07-16,265.6537913291866,18.75685857339876,58668.81182608999
2003-07-26,277.39322298823515,18.48966789381492,60388.762183945364
2003-08-05,276.76810173841324,18.35525768217298,59814.6673015894
2003-08-15,276.76810173841324,18.35525768217298,59814.6673015894
2003-08-25,277.89110263493154,18.137059922982566,59343.43764200032
2003-09-04,282.28203798906156,18.141681676554818,62306.362327181625
2003-09-14,254.79927565462248,18.039680213864383,55924.05232699298
2003-09-24,268.09503353858554,17.929096529323846,58481.5377800383
2003-10-04,277.9963832363271,17.756587284068324,58120.56357776677
2003-10-14,290.1973481244071,17.903747180743636,61174.23493450632
2003-10-24,319.48513275523123,18.26599024559033,68710.80633093993
2003-11-03,307.1749388327977,18.638748389094083,69658.50282213523
2003-11-13,310.8332466369279,18.962130847601735,71711.07178325718
2003-11-23,296.1022874830984,19.472962653333955,70152.86355965574
2003-12-03,220.16252119071927,20.0261662532764,51912.55183931061
2003-12-13,219.36631400310458,20.396218302440904,52680.60575620416
2003-12-23,219.36631400310458,20.396218302440904,52680.60575620416
2004-01-02,274.2240010877213,20.56259263317847,66391.80951553523
2004-01-12,242.71072875226344,20.7364393647904,59259.001713991005
2004-01-22,211.86328923081822,20.896385260907703,52126.437863217994
2004-02-01,180.5237913320233,20.901968020190512,47491.56611574159
2004-02-11,181.40342067867846,20.525946814574795,46864.45145392618
2004-02-21,225.80592019230278,19.936883303006564,56661.42042071425
2004-03-02,224.55796036705595,19.51453764771286,51596.220698772006
2004-03-12,200.85320208886327,19.20185829053366,45410.176585620946
2004-03-22,209.78419952470134,18.93752335798003,46776.43581295077
2004-04-01,273.0652269011373,19.098092364228677,63449.46991860661
2004-04-11,164.28013912664127,19.299272778173773,38574.26114067022
2004-04-21,250.84213387345363,19.189346462710642,58564.20880784406
2004-05-01,259.2035383359021,19.189346462710642,58564.20880784406
2004-05-11,263.710149346016,18.96603339893524,58889.04701771549
2004-05-21,284.1571345550961,19.03017064325907,63669.64346549347
2004-05-31,299.10190661424514,19.52635878430224,68765.66021583206
2004-06-10,258.78292035349165,20.002193128543183,62977.415740560544
2004-06-20,280.96569475812174,20.0839314663112,68655.23172119731
2004-06-30,268.1062178636191,19.80905818687395,64616.335317398145
2004-07-10,249.77500122798264,19.222082834753785,56530.20818497029
2004-07-20,244.15381752457378,19.09248059350779,54885.42704404355
2004-07-30,205.8853363522158,19.129655559820222,46372.84460551619
2004-08-09,250.2738134876914,19.601448723188124,57761.00653129168
2004-08-19,239.7179312922401,20.26361347749755,57193.751571481065
2004-08-29,255.78395622022356,20.866287084280504,62841.94947245615
2004-09-08,247.53286085828086,20.866287084280504,62841.94947245615
2004-09-18,193.1873280880528,21.524695880339404,50592.63156787335
2004-09-28,176.475770928542,21.804902995816548,46817.7843055404
2004-10-08,178.7060003330084,21.736237398710067,45735.63088553111
2004-10-18,158.19212775985977,21.628866543340443,40285.596552472576
2004-10-28,256.7645473133911,21.693797587503763,65584.59073316985
2004-11-07,244.99556384611282,22.02131147723151,65640.67073427505
2004-11-17,267.6515822042597,22.174838835936654,72210.75684468207
2004-11-27,255.91053797297468,22.387747093366006,69706.00156577204
2004-12-07,250.14224310666464,22.568361858140975,66468.86259128939
2004-12-17,144.3149011490763,22.803745983503408,38747.933123059614
2004-12-27,193.7312366196147,22.933661556079766,52312.34883607721
2005-01-06,193.7312366196147,22.933661556079766,52312.34883607721
2005-01-16,258.76057304645326,22.925005817522035,69845.54804802826
2005-01-26,166.13817906282338,22.828986854259593,44656.76456847661
2005-02-05,152.09193269313613,22.554545192121065,44717.24981388559
2005-02-15,222.8059117927035,22.293526288194712,64750.08035272418
2005-02-25,185.8477448071918,21.74343264681148,52676.903266021385
2005-03-07,226.195043791496,21.02484205501285,55994.709687424685
2005-03-17,195.27040102835988,20.31263743124295,46701.83073732281
2005-03-27,228.10094456017612,20.037158824916073,53813.891026030746
2005-04-06,242.71573076843825,20.17517110000103,59578.115329132816
2005-04-16,258.0091957281101,20.31396120958979,63767.796990482515
2005-04-26,206.41002498494666,20.59124379242539,51711.242938932104
2005-05-06,213.29035915111155,20.59124379242539,51711.242938932104
2005-05-16,243.800248533113,20.71613049729101,59466.71560702071
2005-05-26,260.29952841913916,20.897184133985856,64046.04577445223
2005-06-05,254.132386590023,21.18780444718975,65511.50561433225
2005-06-15,267.7291526320247,21.730115323772402,70783.05524046208
2005-06-25,257.5422237373128,22.465714935582742,70394.75388536222
2005-07-05,244.30091133562547,23.09556777080361,66433.15847711849
2005-07-15,239.34108240294967,23.591111152207166,66480.88898593579
2005-07-25,237.94752730906288,23.569327381157095,66032.77604192594
2005-08-04,144.00974575655042,23.15531540474527,39262.1208318641
2005-08-14,196.52309250180923,22.942034430558735,53085.59475549617
2005-08-24,163.41069608615743,23.1781711853967,44595.47731950238
2005-09-03,158.1393833091846,23.1781711853967,44595.47731950238
2005-09-13,179.56720410381075,24.00954825948827,52454.484008480526
2005-09-23,207.1215043183436,24.317921906463674,61280.635567146885
2005-10-03,171.76330115956554,24.125418273810478,48790.627156974944
2005-10-13,173.2362371536394,23.920150714973467,48790.33771721381
2005-10-23,187.568479254319,23.884130067343886,52747.32689003476
2005-11-02,229.50711213761684,23.96420562824987,66916.12681234177
2005-11-12,190.61569055355253,23.84893375772261,55309.43522252974
2005-11-22,212.90204291228594,23.51724663628434,60916.91653920042
2005-12-02,235.2163162640884,23.096439078455727,63965.1823026157
2005-12-12,253.35779648088672,22.737263471366735,67827.16078888561
2005-12-22,251.98669489359926,22.39709082783335,66450.82728781218
2006-01-01,251.98669489359926,22.39709082783335,66450.82728781218
2006-01-11,196.6728836867646,22.04872783920974,51057.458493649654
2006-01-21,224.2924044163774,21.808724090653087,57593.8346675572
2006-01-31,218.01579959735707,21.807308882647277,55978.494430247294
2006-02-10,204.92832279423595,21.69262468091588,57949.39697841796
2006-02-20,170.85271360453882,21.670525298546874,48264.315684277775
2006-03-02,169.58318345555548,21.62316248182879,43175.08149891995
2006-03-12,166.0962176730514,21.634504965736706,42309.49831625052
2006-03-22,157.23796545864735,21.7600056961731,40285.391734603705
2006-04-01,155.50291709062355,22.038978329986648,41696.692610121216
2006-04-11,167.69116875741076,22.805476316383825,46528.70322702689
2006-04-21,249.54577020987475,23.56286666776176,71540.16681667019
2006-05-01,257.8639625502039,23.56286666776176,71540.16681667019
2006-05-11,203.91163608009182,24.373017804397527,58517.05828699762
2006-05-21,165.08228975185298,24.808982244051382,48221.48749258997
2006-05-31,166.89373091366897,25.36556939948099,49844.335404760524
2006-06-10,191.14838732571766,25.859648068842425,60140.19863956637
2006-06-20,218.1520505734446,26.21666910647139,69583.84485151687
2006-06-30,206.84209884263106,26.48323059005636,66647.1384924643
2006-07-10,206.1492632146363,26.620019679225756,64613.21183630648
2006-07-20,173.4594650505339,26.68319996780895,54496.30842490923
2006-07-30,159.83267542770778,26.54396581364419,49953.1119821475
2006-08-09,134.3694104332075,26.17720064877207,41414.725211550234
2006-08-19,195.7083874593287,25.725013753065756,59278.36612994408
2006-08-29,195.7083874593287,25.725013753065756,59278.36612994408
2006-09-08,132.40862911621554,24.95064469712128,40194.78136225782
2006-09-18,156.17298269296052,24.011624119024653,45624.59798863877
2006-09-28,174.5044037895268,23.19882266118788,49254.27672483291
2006-10-08,203.89096748851787,22.782397499127782,54692.60160480262
2006-10-18,220.60363607390508,22.563210343033827,58606.35737930213
2006-10-28,210.03599564611883,22.154015552414414,54786.97937582264
2006-11-07,129.73825419510123,21.58824807694126,34076.66300236951
2006-11-17,190.28444840840416,21.130002854318263,48918.64974569046
2006-11-27,160.97656992662687,20.857886827090816,40851.17810767139
2006-12-07,203.2004875258506,20.489092579612695,49020.60207793385
2006-12-17,178.0391280629342,20.178989393108605,42300.55264549008
2006-12-27,178.0391280629342,20.178989393108605,42300.55264549008
2007-01-06,199.27109508900938,20.098242027438157,47155.629833310224
2007-01-16,217.0930305957463,20.543597416453974,52511.394038841354
2007-01-26,205.30171595319624,21.23095845759489,51320.79206375704
2007-02-05,194.50506839012772,21.526946430361566,54581.841732101915
2007-02-15,160.32664806340642,21.57543641890379,45092.066127322
2007-02-25,159.12190046096845,21.403834595631643,44397.28128119046
2007-03-07,181.91715959773646,21.891982436788734,46891.04680469068
2007-03-17,151.19874214345626,22.885096927079527,40741.03942774218
2007-03-27,181.83998258088985,23.95122580854296,51280.03311590291
2007-04-06,137.8644111694411,24.866105043413178,41709.169646966126
2007-04-16,117.36206549747918,25.49994781179497,36411.506300787216
2007-04-26,117.36206549747918,25.49994781179497,36411.506300787216
2007-05-06,132.05592090201392,26.14184838683905,40646.7045136701
2007-05-16,144.23877449352625,26.689010675713707,45325.820006225746
2007-05-26,165.14991975065007,27.10612008833827,52708.043497719365
2007-06-05,155.93758886422464,27.544913740943915,52259.330449869434
2007-06-15,145.137954204468,27.86935989489133,49212.97287494633
2007-06-25,173.9066217489518,28.08439645654507,59422.760557994494
2007-07-05,142.65012084478855,27.87697270928219,46821.88828724456
2007-07-15,151.05155380871813,27.494154557775065,48898.635155234675
2007-07-25,164.57520366652423,26.890508224522588,52106.82150734548
2007-08-04,169.61465448612879,26.27633276591952,52475.82750605498
2007-08-14,183.15123605055956,25.745065851895692,55518.15583989929
2007-08-24,183.15123605055956,25.745065851895692,55518.15583989929
2007-09-03,188.14289385849528,25.190677027388382,57663.27030261542
2007-09-13,198.7241603877285,24.83976312622124,60057.843036441875
2007-09-23,115.16554526906758,24.142217898618966,33827.612207639
2007-10-03,141.68570752601764,23.56832576859238,39317.50460581419
2007-10-13,206.37248819732886,23.107429588278013,56148.04113199328
2007-10-23,206.76320324948182,22.653085909366045,55148.25745899264
2007-11-02,195.6040366329004,22.47289568418928,53482.10084633303
2007-11-12,167.27531523418776,22.158586546361455,45096.77868785417
2007-11-22,168.20451784161344,22.373459440276662,45787.022984141004
2007-12-02,205.296600485209,23.172368723091406,56012.29391208916
2007-12-12,205.296600485209,23.172368723091406,56012.29391208916
2007-12-22,223.00674580838407,23.94839669482909,62881.89403865693
2008-01-01,214.19024622125514,24.46906681771487,61708.965740938795
2008-01-11,181.68436563362678,24.74731644335581,52939.134791554454
2008-01-21,169.89351026737748,25.241663174357722,50492.389935891166
2008-01-31,154.92055689586243,25.847506504979712,47147.52217013299
2008-02-10,126.681722032878,25.77843821100189,41102.23394893344
2008-02-20,120.8694361766786,25.39089062381202,38626.8503899729
2008-03-01,144.71051484996488,25.365162541985175,43218.42231312443
2008-03-11,148.30959732565825,26.21973676132689,45785.58352857611
2008-03-21,127.35076283382331,26.98514041425349,40462.93707034036
2008-03-31,155.94290926866188,27.288016178187036,50103.58097786553
2008-04-10,150.9124928406405,27.288016178187036,50103.58097786553
2008-04-20,121.8245061663116,27.457488654325694,40697.439116544025
2008-04-30,122.02514107086189,27.19391700887673,40373.155637876174
2008-05-10,126.43941209634298,26.69275391400494,39738.09293301571
2008-05-20,103.44143943374048,26.24301191476665,31962.401566199886
2008-05-30,159.21886678030125,26.063897527217744,48861.304621901596
2008-06-09,114.15318422484188,26.28488044280995,36506.117394111665
2008-06-19,176.76309532810725,25.824927990380957,55539.54619983011
2008-06-29,175.60662119009925,24.94958357720246,53305.963543792255
2008-07-09,189.77790497037844,24.154813862466526,53973.4915795306
2008-07-19,198.77514029280323,23.979995062033275,56123.18748957688
2008-07-29,190.4618851880273,24.020715408797642,53867.29742640367
2008-08-08,190.4618851880273,24.020715408797642,53867.29742640367
2008-08-18,175.36222846199766,23.74012452834941,49017.39408253837
2008-08-28,174.71159390193978,23.63020423902012,48609.41245458279
2008-09-07,181.54985592011505,23.50987274397062,51929.93711397862
2008-09-17,204.5740556336899,23.56887103044613,58662.550989769945
2008-09-27,169.03697528082566,23.764785602658467,48875.05096372686
2008-10-07,210.71146171297332,24.244245766368987,60148.944167724636
2008-10-17,198.57385971165633,24.9994465212687,58449.882388063386
2008-10-27,223.16053197888633,25.774297077098026,67722.875296583
2008-11-06,166.22450092534,26.68139817351782,53960.40882716321
2008-11-16,193.38551747229153,27.42093899427633,64517.551803308554
2008-11-26,136.9614341256351,28.037010514828015,46719.868219260665
2008-12-06,141.52681526315627,28.037010514828015,46719.868219260665
2008-12-16,138.43618720673567,28.587636047014758,46597.11669338498
2008-12-26,123.43420089017185,28.66698301686325,41662.82068792918
2009-01-05,119.90027717558283,27.836625981929572,39297.7741085881
2009-01-15,103.19230637332053,26.84879709949952,32621.454614743103
2009-01-25,104.57224896823783,26.48769218510335,32613.074282185684
2009-02-04,101.65063488877877,26.929682624962798,35684.216346642344
2009-02-14,97.84533142085284,27.56829818681238,35162.917306110976
2009-02-24,105.93344915408439,27.586698827216566,38094.9738393866
2009-03-06,104.47061104943067,26.970642214041746,33175.43249874924
2009-03-16,107.86729285646156,26.619093974860302,33807.59051472173
2009-03-26,109.90312730066552,26.441758070823436,34216.18208737272
2009-04-05,106.3578651296763,26.441758070823436,34216.18208737272
2009-04-15,130.26139779130193,26.485548420042303,41975.54212797768
2009-04-25,134.96946059765423,26.478374473160244,43480.89169509915
2009-05-05,123.30489544814112,26.361957559054325,38272.70398480797
2009-05-15,133.37005315226054,26.466229488059426,41560.57704033161
2009-05-25,125.58471901635247,26.47924442877126,39153.767485280085
2009-06-04,171.43891219162634,26.36452513434334,54992.18369868079
2009-06-14,160.2999362199028,26.3175728730271,51327.58057827481
2009-06-24,167.05238311571185,26.269662673312194,53392.31866420907
2009-07-04,132.9301437726029,26.09059459171285,40835.569965129536
2009-07-14,172.98465923692345,25.740910903872372,52427.92535230145
2009-07-24,174.2825186849144,25.33359649464636,51985.4547296295
2009-08-03,174.2825186849144,25.33359649464636,51985.4547296295
2009-08-13,190.4476200931379,24.736685137067486,55468.729899095066
2009-08-23,182.39183256319473,24.343063049942252,52277.13535988165
2009-09-02,175.42684674496542,24.22756024207094,51710.33472068072
2009-09-12,169.86045211608464,24.105039619972338,49816.330625516384
2009-09-22,185.0787867662057,24.397746701419013,54938.64853848857
2009-10-02,201.18013810085557,25.178222643396808,59640.509116594214
2009-10-12,151.44518749511997,26.12303069520764,46581.15025082002
2009-10-22,202.39236231761518,27.220424848413412,64866.45878229737
2009-11-01,133.3520303191279,28.181725260266543,45723.431756454156
2009-11-11,155.19997871320018,28.89237811065861,54556.507024266684
2009-11-21,134.708368994269,29.447740908673637,48263.42863854107
2009-12-01,139.1986479607446,29.447740908673637,48263.42863854107
2009-12-11,160.7824274944088,29.681194007880624,56188.97627692371
2009-12-21,138.01374178461185,29.88416276141864,48561.77967172152
2009-12-31,153.8755955670403,29.883115092898134,54141.06381600357
2010-01-10,116.0615125640544,29.666397065365423,40540.04271749127
2010-01-20,123.25236706315299,29.624178707117974,42990.52593558913
2010-01-30,113.83000051387302,29.11866260899858,39026.47560023049
2010-02-09,101.16133315333926,28.87247867912749,38074.43316560692
2010-02-19,89.57534921761518,28.94031506091976,33792.98829421925
2010-03-01,103.91397205541887,28.822239201493918,35264.10245225492
2010-03-11,100.11749914326509,28.80477024291764,33955.144175574125
2010-03-21,152.01608347299825,28.731160765108218,51424.95047089872
2010-03-31,152.01608347299825,28.731160765108218,51424.95047089872
2010-04-10,154.01329571532327,28.494008256257985,53392.88278951207
2010-04-20,120.19193107754786,28.21012655860463,41252.65997541864
2010-04-30,153.96167051673913,27.78764423858357,52051.824208148886
2010-05-10,172.21562659641467,27.346251242110323,55449.996914319345
2010-05-20,219.02255109544004,27.19346866660632,70126.89520581682
2010-05-30,169.39591102337448,27.221683683513888,54293.65471332328
2010-06-09,127.272760725852,27.297186598733536,42269.29096471282
2010-06-19,126.05878619875489,27.22861050757746,41760.93468397718
2010-06-29,162.7770381453276,27.201394997889096,53871.11055265979
2010-07-09,184.78164838649403,27.077807818001382,58911.96505179327
2010-07-19,171.2723222642005,26.78005634867227,54004.486807715635
2010-07-29,171.2723222642005,26.78005634867227,54004.486807715635
2010-08-08,112.58070783336508,26.636606840088316,35308.07545492619
2010-08-18,168.06834401402605,26.518938902356915,52477.51172289726
2010-08-28,185.2310706442192,26.447863131616224,57681.37391948972
2010-09-07,99.81866194813718,26.378288169514388,32035.386059686854
2010-09-17,117.52765358690742,26.34171179431185,37666.53487355111
2010-09-27,148.69016013249652,26.162270446161262,47329.21154851102
2010-10-07,157.40476092369738,26.264577117925967,48676.51164301096
2010-10-17,139.29990357678867,26.72630798733834,43834.99438206202
2010-10-27,122.46161499117461,27.50601297296817,39660.55584783313
2010-11-06,127.6250030724494,28.231327711156315,43836.78331148708
2010-11-16,116.54329849057835,29.209244257223457,41417.057011204626
2010-11-26,136.59361972322577,29.799577530257018,49523.591293148645
2010-12-06,141.1467403806666,29.799577530257018,49523.591293148645
2010-12-16,131.27794972124346,30.390787556434574,46974.796854846856
2010-12-26,132.28159829648536,30.91320481375732,48147.59908222918
2011-01-05,135.58622008364432,31.02732573550029,49532.593637415135
2011-01-15,115.21723429246717,30.616375210486385,41533.868957149454
2011-01-25,107.61350511274505,29.825593187943905,37790.88284299456
2011-02-04,97.60146259224689,28.992092654433737,36886.77807282766
2011-02-14,107.47165905905118,28.4857157100724,39907.62861781339
2011-02-24,125.67100678975893,28.156724771045344,46126.665775213776
2011-03-06,127.05985543387216,27.476894513465037,41106.185138651854
2011-03-16,126.30596372759476,26.39677829924133,39255.99163458411
2011-03-26,130.6792711869399,25.113167840480365,38640.200702099486
2011-04-05,113.18481161470675,24.573638764863478,33839.91253718196
2011-04-15,113.18481161470675,24.573638764863478,33839.91253718196
2011-04-25,162.99026540796766,25.02730936378984,49630.361513758944
2011-05-05,189.40174808623036,25.946581837919073,57862.2485255475
2011-05-15,137.17470308088923,26.69312876506543,43112.64627794983
2011-05-25,111.44587519524505,26.799364430074398,35165.732180931474
2011-06-04,120.12465535544683,26.287887303208784,38420.18472823618
2011-06-14,197.06758078607692,25.851135409374756,61982.1187076684
2011-06-24,166.8836429804808,25.69771057534359,52177.08527770161
2011-07-04,150.65634553389677,26.27625244181883,46610.31358167268
2011-07-14,151.24806437823997,26.841329067934808,47799.68256146944
2011-07-24,128.08000403729184,27.711157016167,41789.49878760241
2011-08-03,132.44124783669497,28.00839757595921,43675.983889554824
2011-08-13,128.90491296205138,28.412120738352524,43122.53587284803
2011-08-23,128.90491296205138,28.412120738352524,43122.53587284803
2011-09-02,109.5818156736043,28.8061682533564,38405.69200759262
2011-09-12,155.6373872620973,29.413429977214665,55696.92427018914
2011-09-22,107.43887302835869,29.99350585624952,39206.69968627325
2011-10-02,127.51775861948096,30.53013980603517,45838.52498122016
2011-10-12,139.09729022342881,30.817581392753024,50471.753322088574
2011-10-22,133.68151462930342,30.962394395988195,48734.561918807376
2011-11-01,113.40747421831144,30.563580059385753,42171.35074751639
2011-11-11,103.42690101131961,29.534640480769575,37165.228771815186
2011-11-21,134.40037649212937,28.77645148903579,47055.38528984587
2011-12-01,118.40795442552691,28.48598369969551,39713.966993004666
2011-12-11,120.25076053047715,29.039702980265847,41116.029828031875
2011-12-21,113.29436384082167,29.990655618548423,40006.02809862909
2011-12-31,113.29436384082167,29.990655618548423,40006.02809862909
2012-01-10,103.0291639474354,30.33595427195603,36800.1007180113
2012-01-20,98.54368803386964,30.029172289311177,34842.02148024256
2012-01-30,91.45782670943163,29.49256821182613,31758.840656375785
2012-02-09,88.91924753041859,28.593166761662996,32000.215469999308
2012-02-19,80.09776686168914,27.533217074773876,27756.981338129088
2012-02-29,91.86048005689648,26.701467885191363,30871.569835430393
2012-03-10,154.20944511419475,26.317049917847005,47783.65315093288
2012-03-20,145.13154927868868,26.439446962531612,45179.91075504953
2012-03-30,182.86693924609762,26.69862421837144,57485.09444860619
2012-04-09,176.66922817786624,26.6352520327625,57251.824597238316
2012-04-19,166.79152245895455,26.335157507574706,53441.852347764485
2012-04-29,183.46012478163485,26.197430030455013,58475.23601853601
2012-05-09,145.0116627199663,26.396600496514,45069.4338314928
2012-05-19,145.0116627199663,26.396600496514,45069.4338314928
2012-05-29,176.98486482153285,27.001384157900937,56266.94382873669
2012-06-08,153.5100664236061,27.677100747885067,51692.68181968488
2012-06-18,118.14933030464046,28.32767269699652,40720.56262524344
2012-06-28,119.48901900625138,28.569213490546225,41533.43874081397
2012-07-08,171.9053180664956,28.159609687055937,56996.35905989768
2012-07-18,105.76718887384169,27.924711045133023,34775.29478663496
2012-07-28,150.52959025576712,28.04156570242963,49699.8764287313
2012-08-07,151.86366046231376,28.287026236007993,50579.24328853847
2012-08-17,122.98070678339764,28.853506432081126,41779.83819941212
2012-08-27,127.01607769267066,29.208602392830617,43681.81195000214
2012-09-06,124.87791639936589,29.17742600951626,44330.66335257484
2012-09-16,112.36609865111713,29.14133519676728,39839.727437466885
2012-09-26,106.25927665377759,29.44421899550709,38066.110513859014
2012-10-06,109.80125254223685,29.44421899550709,38066.110513859014
2012-10-16,118.01075207496233,29.78833256443482,41390.33509937536
2012-10-26,110.4060288614762,29.945997082425286,38928.057923590124
2012-11-05,117.0571339906962,30.104799842828797,42875.10933240872
2012-11-15,111.45239247174948,30.256885755748417,41028.46139237447
2012-11-25,120.19230848962918,30.368469967145856,44409.02087956567
2012-12-05,124.9319568550234,30.715264315315753,45181.325736276085
2012-12-15,114.31386425159342,30.785339491946182,41435.63737618926
2012-12-25,111.54992860939433,30.328773486880344,39834.12802594445
2013-01-04,100.37816439455952,29.747494499221656,35157.728903442934
2013-01-14,119.1774117793537,29.37536445471299,41220.037600406155
2013-01-24,105.8780770715506,29.19789757916114,36398.945042838306
2013-02-03,92.49666113519262,28.83331095695918,34766.05437292478
2013-02-13,83.80535420331296,28.0945253910803,30692.21974372538
2013-02-23,83.80535420331296,28.0945253910803,30692.21974372538
2013-03-05,90.71717296514225,27.275952925257236,29134.03318864574
2013-03-15,115.9962990708733,26.697506689592725,36462.463522600425
2013-03-25,80.3202935827842,26.61654208242289,25171.44171257545
2013-04-04,111.35205197658273,26.57602306778485,36004.75220736056
2013-04-14,112.76010233004641,26.241048094881954,36000.47643252313
2013-04-24,136.9964420916672,25.8271626306292,43048.45757491529
2013-05-04,113.67876008477162,25.855288866415055,34606.67647381282
2013-05-14,163.98124007918227,26.27548113181396,50731.30266388011
2013-05-24,162.758212578039,26.94584180147527,51637.57492022044
2013-06-03,164.30868376506862,27.665068265599572,55304.933261395796
2013-06-13,196.38416214545455,28.24170431580182,67479.05184869064
2013-06-23,151.1395366697914,28.663122336069414,52707.594190827476
2013-07-03,159.50288641097035,29.14337535018533,54731.77929552267
2013-07-13,112.48550653056951,29.710230587188455,39349.00557774414
2013-07-23,112.48550653056951,29.710230587188455,39349.00557774414
2013-08-02,121.68788130510673,30.203464965570806,43274.81986460211
2013-08-12,118.26542948014132,30.71352972108427,42767.97761000057
2013-08-22,125.65881181661786,31.032125021097364,45912.99628316061
2013-09-01,110.16728828094803,31.418918914941102,42112.93468719957
2013-09-11,88.08508972702381,31.57805564811805,33842.263026228065
2013-09-21,87.33064585045872,31.596780213657823,33572.30121138709
2013-10-01,81.91304013121965,31.509770480536552,30389.91287976337
2013-10-11,94.15184390025098,31.374693035567404,34780.7934968583
2013-10-21,126.40102707476889,31.304270986071316,46589.21231065163
2013-10-31,109.4421315517255,31.412522578367664,40477.9516568884
2013-11-10,122.29514013289383,31.115615587695277,46297.677584857796
2013-11-20,86.29004809125531,30.7880271307298,32323.187491237502
2013-11-30,122.43002488694428,30.528817614146163,45474.667453271584
2013-12-10,101.32947497895321,30.112558462167602,35926.47596207208
2013-12-20,101.32947497895321,30.112558462167602,35926.47596207208
2013-12-30,132.8792826137003,29.630333310072857,46358.03107594413
2014-01-09,95.41079494894831,28.992825726257923,32570.11035099628
2014-01-19,115.5120283707567,27.84351322211955,37868.87585735741
2014-01-29,91.48977879116954,27.140311497094643,29236.041927267997
2014-02-08,95.38046956775513,26.381494083332605,32801.49793400123
2014-02-18,86.52095941789487,25.72582717496406,29015.19592442313
2014-02-28,95.16421930454482,25.18026407477978,31236.962963711554
2014-03-10,117.07750539065616,24.763813743525716,34136.74906527599
2014-03-20,129.16255553145697,24.49219183274954,37247.356193705884
2014-03-30,115.67947545671996,24.64793446166344,33571.28862290793
2014-04-09,140.75195980822804,25.105765999305756,42993.176830483586
2014-04-19,112.03648249748451,25.508949031229406,34771.51721360979
2014-04-29,146.93424241639124,25.989046177479853,46460.6165364201
2014-05-09,116.35331665963785,26.49620013931833,36298.90578247887
2014-05-19,104.60294418595903,26.91245737585815,33145.79454934743
2014-05-29,104.60294418595903,26.91245737585815,33145.79454934743
2014-06-08,97.71598211790429,27.208037186211108,32347.030914338135
2014-06-18,142.18584509384308,27.824545437744735,48134.45417358288
2014-06-28,146.53972743130416,28.291074063491962,50440.156431035895
2014-07-08,162.03370009122534,28.427901763937395,54235.209988833434
2014-07-18,155.29573249077578,29.090528189294034,53191.507501628774
2014-07-28,116.40268941149488,29.848559863475266,40908.877895371326
2014-08-07,123.61366942509946,30.559339861679682,44477.62998262877
2014-08-17,116.08220407546615,31.616498208484682,43212.61841851481
2014-08-27,97.25761211607356,32.55187734920681,37276.12965228685
2014-09-06,85.20500954084432,32.62481439985418,33820.87107019551
2014-09-16,86.37838534633634,32.71693383579796,34383.437004999614
2014-09-26,92.95404062176013,32.90266483021914,37210.96699217356
2014-10-06,96.83976033354787,33.07251950538847,37709.6201555764
2014-10-16,103.76248997501266,33.30006115982838,40683.3387331084
2014-10-26,99.2075357635716,33.54509288215993,39183.64485989395
2014-11-05,96.5965805069115,33.340665847355844,39183.89747091741
2014-11-15,96.5965805069115,33.340665847355844,39183.89747091741
2014-11-25,92.69040564609833,32.45903593313021,36605.134691531304
2014-12-05,101.79908140023517,31.613068180982257,37891.48951256303
2014-12-15,117.63051835525856,31.043244279671104,42995.032721194155
2014-12-25,119.95220327814168,30.359634017117795,42878.13941100078
2015-01-04,114.02809546015698,30.23206571626122,40589.2348238653
2015-01-14,113.17761669179313,30.26536892524984,40330.878967388264
2015-01-24,89.96435932812669,29.949738364913316,31724.493347620057
2015-02-03,88.7963590324291,29.505587200589655,34153.424314359436
2015-02-13,105.11303425363681,28.95018124799615,39668.218160961034
2015-02-23,91.31890406752974,28.039985654171105,33378.99919296353
2015-03-05,92.39080272263004,27.467081045291966,29879.437682937165
2015-03-15,132.729552156016,27.35334849532869,42747.359966117096
2015-03-25,134.3238767886339,27.586001427274024,43628.78741080664
2015-04-04,104.02982515897138,28.06882708956188,35526.607956958345
2015-04-14,108.42859361797882,28.430711323111467,37506.20820593862
2015-04-24,155.27348424755695,28.526871058131547,53891.844410502
2015-05-04,160.44926705580883,28.526871058131547,53891.844410502
2015-05-14,137.25944966492895,28.533605467043362,46113.7112557207
2015-05-24,120.46666330931731,28.642868271878594,40626.98162701151
2015-06-03,121.95641105246823,28.85737935741216,42818.66609551642
2015-06-13,172.11656748253995,29.49752088900134,61770.31321002307
2015-06-23,136.89561569783072,30.293496243648427,50455.73630895578
2015-07-03,170.18675839062274,30.91070425014284,61939.23493240694
2015-07-13,131.20631847110994,31.657090799472257,48905.412036003436
2015-07-23,103.94318850069648,32.12690877075765,39318.42796841267
2015-08-02,119.344300669636,32.38309409209504,45504.16990477864
2015-08-12,118.86833947033887,32.60425744972106,45632.22868031597
2015-08-22,138.59348635727218,32.75845730160283,53456.11980216019
2015-09-01,114.10482036146588,33.000909443278815,45814.34793278238
2015-09-11,99.31935987340653,33.43718447133602,40405.01038488891
2015-09-21,105.61569459306568,33.83920188765824,43483.068210720056
2015-10-01,105.05930945366045,34.12986403054789,42218.25421228356
2015-10-11,105.84141414569055,34.14050510098574,42545.80512680064
2015-10-21,101.75634250348368,33.76506970108662,40453.8919020189
2015-10-31,101.75634250348368,33.76506970108662,40453.8919020189
2015-11-10,86.58983173413421,33.04021487663463,34808.18420063374
2015-11-20,77.35586255842374,31.7436517436599,29875.95033018445
2015-11-30,68.96469207292398,30.265234674282347,25394.66317622441
2015-12-10,83.94968806073898,28.792210144400666,28459.368612052043
2015-12-20,94.94528445384962,27.855933063996567,31140.263332203882
2015-12-30,94.46512957503685,27.388173133289826,30462.515264800477
2016-01-09,108.92854921220692,27.151410814722837,34822.928484710326
2016-01-19,97.70029716655127,27.104476510115852,31179.423370886336
2016-01-29,110.70493157991683,26.97716216863946,35163.68663278505
2016-02-08,99.75827850559679,26.69513773449538,33517.83653362123
2016-02-18,112.76289917598517,26.512027377958763,37627.38519354064
2016-02-28,125.5255027828811,26.397817404721504,41705.64638847931
2016-03-09,123.87285668002289,26.251349953756783,38287.672397573435
2016-03-19,145.3656707772316,26.609268825549393,45543.45442828864
2016-03-29,110.9654024256543,27.22895061500808,35575.3898018472
2016-04-08,161.9750014840032,27.81104198935284,54807.10507121473
2016-04-18,112.92905036795122,28.08853108000813,38592.802216668024
2016-04-28,110.21224577076853,28.255152955950418,37887.77698610769
2016-05-08,113.88598729646083,28.255152955950418,37887.77698610769
2016-05-18,135.77627319617437,28.57182801207284,45676.52770795735
2016-05-28,126.90507995659877,29.430222753139205,43974.78521432547
2016-06-07,152.3376435766495,30.58698300887596,56691.178474242704
2016-06-17,182.3631648096205,31.70008735592643,70334.62710211285
2016-06-27,108.18839007934936,32.61678704473284,42933.21843915594
2016-07-07,96.21728535772971,33.09522766647468,37492.95264493362
2016-07-17,143.2471859440592,33.47780336276123,56464.33580664514
2016-07-27,122.49617055509732,33.72511365351281,48641.516291713626
2016-08-06,103.40368829483792,33.8103589542069,41163.94431385962
2016-08-16,96.09281339606876,34.11524326880077,38598.51104733815
2016-08-26,97.12480311699623,34.38666041096186,39323.42361699913
2016-09-05,94.96340966232982,34.82116868965671,40231.96570422971
2016-09-15,104.25794025365715,35.35760235083062,44850.11465309984
2016-09-25,95.17158430597047,35.79514397790289,41447.946847854255
2016-10-05,97.63264788961368,35.96850358552357,41347.43837657521
2016-10-15,101.65614433926815,36.09493561341965,43202.71852875962
2016-10-25,101.55458415959428,35.89667619113363,42922.49317759024
2016-11-04,99.27418934355669,35.4719995142637,42844.35695344504
2016-11-14,91.90007182438212,35.00646277732995,39141.34006324255
2016-11-24,98.58423789298307,34.55823529949871,41450.5836941175
2016-12-04,101.8703791560825,34.55823529949871,41450.5836941175
2016-12-14,109.0637392283912,34.115399836799746,43808.86680927919
2016-12-24,93.48346352322467,33.750807975767046,37149.257599771685
2017-01-03,118.6292240301312,33.19957849204263,46371.95760138821
2017-01-13,98.59483604109182,32.34155681874551,37544.49450090717
2017-01-23,108.18638792564629,31.411632264097168,40012.37184606444
2017-02-02,88.20695178097313,30.424537007170404,34983.368539061354
2017-02-12,101.840536262231,29.505632891327892,39170.61996033622
2017-02-22,101.84091949351298,28.84646970037361,38295.68265807681
2017-03-04,94.69861134515051,28.310990207813195,31566.747817658492
2017-03-14,166.51483114350347,27.59908340457846,54110.15161879132
2017-03-24,123.05766409989582,27.199277360520348,39409.16229273055
2017-04-03,111.32646154291089,26.894606873422664,36427.990583303836
2017-04-13,143.8901807373305,26.4149357586271,46243.673545764905
2017-04-23,141.55077835436074,25.82293608932488,44472.28988453933
2017-05-03,109.77607985645108,25.456470640804895,32903.11990915697
2017-05-13,97.60022226926412,25.21577626910914,28977.05998462377
2017-05-23,170.8346793025995,25.653385856412182,51600.26129739343
2017-06-02,159.69091649563362,26.65541923290515,51788.97797701521
2017-06-12,152.29510707537685,27.699604101158737,51325.255765800124
2017-06-22,136.87601177587374,28.64590163542549,47704.73069656908
2017-07-02,149.90939351451703,29.64795356959528,52330.48256697016
2017-07-12,149.90939351451703,29.64795356959528,52330.48256697016
2017-07-22,101.7978794327988,30.23087866608626,36234.366441393664
2017-08-01,124.15004018572434,30.69799356058805,44873.30174101166
2017-08-11,123.56437314817708,31.134472343893222,45296.63609169142
2017-08-21,93.0380895641536,31.573990083716083,34587.67925215688
2017-08-31,128.99016692907242,32.12037665600605,48782.988791589
2017-09-10,95.0165693994906,32.726396449414295,37832.857353077365
2017-09-20,95.99971490570911,33.3908026526083,39000.34167733217
2017-09-30,97.20826685045029,34.12833296691504,40363.59919487491
2017-10-10,91.0703043911987,34.62156254764453,37123.98798371654
2017-10-20,95.56527188408792,34.88115537871369,39248.415824200965
2017-10-30,92.63909232432808,34.983927155181895,38158.739645893846
2017-11-09,96.03108206622322,34.90290409784522,40779.79104786461
2017-11-19,97.06581457836272,34.450455584716416,40684.86532943549
2017-11-29,81.77474075436689,34.05806617967505,33885.25597799564
2017-12-09,86.69147099904194,33.59622643251154,34292.41276289458
2017-12-19,85.95555087871128,33.250234834083884,33651.14264463617
2017-12-29,95.78108244059787,32.93414045518995,37141.31232412271
2018-01-08,99.34787454178036,32.527458089464645,38048.70471883324
2018-01-18,87.52429553259113,31.724895149598137,32693.392615066816
2018-01-28,95.68136624781658,30.833206309618987,34735.793758367014
2018-02-07,112.66467703214391,29.90088122436849,43914.363965492485
2018-02-17,109.37535212244718,28.923421234786858,41238.604445762416
2018-02-27,89.74941679785361,28.334461621118532,33149.83975387293
2018-03-09,99.36542574048077,28.334461621118532,33149.83975387293
2018-03-19,118.55786787095305,28.011635339699627,39102.09396550003
2018-03-29,107.55253570626557,27.553094205177413,34891.705778611664
2018-04-08,121.42374725271969,27.16104674484418,40125.618913294056
2018-04-18,118.73379008269971,27.238991585130975,39349.295958689276
2018-04-28,94.85519366698239,27.243143186551347,31440.535747201528
2018-05-08,152.86747584713154,27.24354785441794,49035.42334429914
2018-05-18,139.24094595285314,27.36827333449729,44868.91154483715
2018-05-28,146.38040147012214,27.61477969914311,47594.381506044665
2018-06-07,158.17940177943083,28.10482383475443,54088.1846924559
2018-06-17,127.60303980683118,29.04027949251702,45085.13993770269
2018-06-27,141.33122254094636,30.106360906211805,51768.78698312873
2018-07-07,151.56438170649628,31.174964360213508,55633.231685867846
2018-07-17,107.26828147708312,32.060881469011484,40492.813390476855
2018-07-27,109.71190532898581,32.81732507769039,42392.41002119528
2018-08-06,99.70864183808305,33.02421859906848,38770.06433100434
2018-08-16,94.97733555981758,33.279847677523364,37216.23903194934
2018-08-26,105.15333126020795,33.476871917332446,41447.570317153746
2018-09-05,91.97678929383873,33.64498700557572,37650.454214036996
2018-09-15,89.00122904872475,33.95360735817973,36766.60555710915
2018-09-25,91.68018267092828,34.3901588675586,38360.2352392302
2018-10-05,89.49273475851345,34.58533048696753,36442.72805964792
2018-10-15,85.86114049483446,34.44001618356253,34816.985802779054
2018-10-25,79.62981935818722,34.13465019266203,32003.85969271789
2018-11-04,76.4823463330473,33.71995314498594,31377.603806355466
2018-11-14,74.23139722408511,33.27638235826503,30053.52034370574
2018-11-24,74.23139722408511,33.27638235826503,30053.52034370574
2018-12-04,102.15885227477429,32.8467718644772,39509.34863971979
2018-12-14,102.08501110933919,32.422571096188605,38970.914956449364
2018-12-24,75.82892385155333,31.95953127542206,28534.25016601905
2019-01-03,74.34509368116369,31.407650030584005,27492.797083792728
2019-01-13,73.63047292949277,30.737093521291875,26647.198624017117
2019-01-23,90.0203043751743,29.913911359852246,31706.247840904754
2019-02-02,111.62880790948687,29.107884793613817,42356.66590362119
2019-02-12,113.28496122873713,28.438979569445603,41997.27409774874
2019-02-22,108.50967067018253,27.93613085797354,39515.686825257464
2019-03-04,133.07284519120802,27.59831939983283,43241.748807628566
2019-03-14,130.11438799343262,27.38949743627157,41960.49061852842
2019-03-24,112.93933513927983,27.246213029457113,36231.185560731465
2019-04-03,126.36103230520627,27.118428120550156,41691.6696236549
2019-04-13,104.9837283866017,26.98438766818806,34467.21311190247
2019-04-23,110.60781633745684,26.844889863868545,36125.93154655468
2019-05-03,142.60098266037454,26.720344134771548,44863.76695755665
2019-05-13,110.87005485630111,26.656890354188267,34798.05087069512
2019-05-23,158.19271580659856,26.6891506874846,49710.98931890414
2019-06-02,136.36730684211227,26.894607423278647,44621.799725142075
2019-06-12,132.5670709841196,27.235106478661088,43927.48590810342
2019-06-22,130.65340019350336,27.69202998397135,44019.70415394002
2019-07-02,137.54583357088916,28.242986335324773,45739.2697025345
2019-07-12,136.47213386193118,28.854605019617985,46365.002398426346
2019-07-22,114.64191978547476,29.50187386188444,39822.10586226783
2019-08-01,116.0826402907281,30.165367967748473,41229.40577576526
2019-08-11,113.16313831722996,30.85511433348186,41111.4991437587
2019-08-21,125.0600111928549,31.573777916257605,46491.78103731871
2019-08-31,108.69393884096336,32.31176697698101,41352.06537510946
2019-09-10,105.18768274931938,32.31176697698101,41352.06537510946
2019-09-20,114.19834869137807,33.03391844669843,45897.76373859313
2019-09-30,88.61097983762279,33.68597729442482,36316.86070063725
2019-10-10,94.5226802081829,34.21720309351549,38081.294746896325
2019-10-20,95.5845633814505,34.61066519679465,38951.92071708616
2019-10-30,91.77616618356456,34.88081825885575,37691.87539346329
2019-11-09,88.20398816417669,35.05131827222236,37615.270421266345
2019-11-19,89.68248930090213,35.15439204544547,38358.25622669382
2019-11-29,86.51653145570255,35.19141696515267,37043.11188284257
2019-12-09,87.01320385011269,35.152609281960366,36014.210400639415
2019-12-19,90.18825106768682,35.026380909895295,37194.301063075334
2019-12-29,85.17964271009834,34.80128430537635,34902.95972546278
2020-01-08,81.46437247727309,34.50261370755375,33094.123474088505
2020-01-18,78.31010945409187,34.063926232083496,31408.247547088966
2020-01-28,78.19731469317117,33.51478272314312,30857.406264139703
2020-02-07,70.25063217040376,32.87986604472647,29072.015585927
2020-02-17,81.56878655098085,32.206078035997734,33064.10025211462
2020-02-27,92.64091209676731,31.547523044232655,36784.3388917999
2020-03-08,85.50396724044342,30.932372156526313,31140.864370077517
2020-03-18,88.16362787321185,30.376980157193405,31532.994925455485
2020-03-28,134.17852264850464,29.86842580234132,47187.450178001345
2020-04-07,97.26412880747287,29.384169518859007,34772.64539595887
2020-04-17,100.44260350311116,28.892442747443695,35308.05808193356
2020-04-27,92.12413785704524,28.427235872157503,31862.48758930678
2020-05-07,99.95408432971642,27.981105227065196,32930.36771933005
2020-05-17,136.03799807943878,27.594944098214476,44199.86282470385
2020-05-27,134.21474628469912,27.318737749882587,43170.99262613981
2020-06-06,88.49699428022569,27.174651139755294,29259.311848864974
2020-06-16,140.9703208260586,27.164919471665787,46591.61019313974
2020-06-26,144.8812613145507,27.28358296151628,48093.372270510066
2020-07-06,132.94708493108206,27.53085452891922,43095.277489604625
2020-07-16,135.79766787899095,27.897033837746736,44604.79127761824
2020-07-26,117.82709881033608,28.375900609074257,39366.427947988675
2020-08-05,117.82709881033608,28.375900609074257,39366.427947988675
2020-08-15,133.1850016111862,28.945697922259797,45391.08002937982
2020-08-25,111.85854725227394,29.580261642050868,38958.5115979684
2020-09-04,116.97025940765417,30.253399619560323,43054.767351138
2020-09-14,99.80403739057427,30.950962516423253,37583.210746537654
2020-09-24,114.48431479460348,31.641341078250242,44072.986572397465
2020-10-04,112.74770580567179,32.28998812692378,42865.38902768092
2020-10-14,106.10094549748092,32.87430649458691,41068.328245229735
2020-10-24,91.20917434409596,33.370554764382916,35837.121704009296
2020-11-03,87.601649581207,33.76769052686284,35990.28227786073
2020-11-13,94.2872928375298,34.07615405543735,39090.87118045523
2020-11-23,85.16901094686817,34.311481082738744,35554.34471325827
2020-12-03,92.95255330887335,34.46283520854851,37717.552010245025
2020-12-13,87.45802719405351,34.52982943535345,35557.013807856696
2020-12-23,83.66685721782008,34.49737658604276,33983.70273042066
2021-01-02,81.04818971750571,34.34510196212235,32774.74335445184
2021-01-12,89.94974680461776,34.078472777665,36092.024168104654
2021-01-22,79.31876150906902,33.738205311764226,31508.59745860512
2021-02-01,70.6315003644888,33.330458106400755,30688.42129714824
2021-02-11,64.4356483369717,32.84815418660737,27591.290027346527
2021-02-21,71.567788579698,32.318954462359414,30151.556304601585
2021-03-03,81.5762157367935,31.754129589595284,30499.655805362803
2021-03-13,99.41040661350044,31.16030784407717,36472.435117363515
2021-03-23,91.39525884106585,30.561762305815687,32887.67949843198
2021-04-02,90.26205506724462,29.99445207759754,32939.557435869254
2021-04-12,115.52334918646287,29.489670521712288,41448.73697839436
2021-04-22,128.6087230643688,29.08473357247439,45510.03041931693
2021-05-02,124.40859783840351,28.791990381780725,42174.8216327923
2021-05-12,76.0350526226524,28.59713801134756,25601.62858534754
2021-05-22,107.04089990294293,28.468368925736634,35879.26249779473
2021-06-01,118.6751229851735,28.397673354523366,41002.85143039695
2021-06-11,120.55694955010256,28.405162519046772,41664.01689471609
2021-06-21,121.87075365546744,28.499719496785865,42258.267910853
2021-07-01,123.99760131698011,28.702415452745946,41904.715931371975
2021-07-11,121.47720775604839,29.0167714295804,41502.57663053972
2021-07-21,117.24377288141457,29.425634791381874,40620.643273092355
2021-07-31,114.52731756624658,29.90548409079784,40326.552542105994
2021-08-10,113.14429669497301,30.449747939334184,40564.63193626894
2021-08-20,113.14429669497301,30.449747939334184,40564.63193626894
2021-08-30,112.23690688723923,31.048886221943608,41031.07411043035
2021-09-09,108.08142713816075,31.671535307841403,41647.774284692445
2021-09-19,104.20819594232317,32.29057813246577,40940.138532946476
2021-09-29,98.47005177084448,32.865766147692796,39374.90661096329
2021-10-09,97.40151294645577,33.37137125950559,38271.09832798084
2021-10-19,93.87896835987058,33.79290166526518,37352.95491519036
2021-10-29,91.67506008254207,34.1313632076871,36841.39006641226
2021-11-08,87.1344004526256,34.398004206712294,36466.535258711694
2021-11-18,86.03722199603003,34.60768900335448,36226.851295539316
2021-11-28,85.6705325564691,34.77393474986823,36245.735027445604
2021-12-08,88.41445652221849,34.89506762014446,36326.07678108112
2021-12-18,88.4699274598446,34.96553444099833,36422.270254525305
2021-12-28,87.36808806433046,34.96292439697582,35965.96800196941
2022-01-07,85.58316296616928,34.87072536463601,35138.27885951659
2022-01-17,83.45410529722564,34.67642063654418,34073.216954308446
2022-01-27,81.57234481173768,34.39105758579231,33030.84228572357
2022-02-06,72.31156520924314,34.03816486428375,32085.494179932768
2022-02-16,71.61621563075579,33.63996468357233,31405.212216973203
2022-02-26,71.4075891323088,33.2193287552932,30922.176619225345
2022-03-08,79.74095111927669,32.77357350186862,30770.629411452654
2022-03-18,81.33655717129776,32.29608875886294,30929.071756669848
2022-03-28,83.22217872698599,31.767469361170228,31128.11853874085
2022-04-07,83.23745011441856,31.187295190538038,31584.06961945035
2022-04-17,86.47364456026006,30.569102867929566,32161.631120449634
2022-04-27,91.17713746251074,29.9515634266296,33225.923425164154
2022-05-07,98.73107778277439,29.374435386146722,34147.15895810249
2022-05-17,105.09247344119153,28.856698824791437,35706.67667801203
2022-05-27,111.77326768977106,28.43411082922857,37420.42969842367
2022-06-06,114.33928034243041,28.11660188457229,39113.78963940552
2022-06-16,119.40337787784915,27.90414226379478,40537.49425748731
2022-06-26,119.9331416995134,27.772724514105725,40525.58627180346
2022-07-06,122.87146235192013,27.70793970948711,40085.41938274788
2022-07-16,121.43895524185146,27.703075902571445,39611.12571054211
2022-07-26,122.80155878208157,27.77140109572829,40154.37227751653
2022-08-05,123.13936154161388,27.93221116245928,40497.98215747204
2022-08-15,113.50990396681063,28.22038059619965,37716.18814045923
2022-08-25,115.01415832036895,28.648398735448964,38795.63179810176
2022-09-04,111.0635205857501,29.183123699259024,39434.362260037946
2022-09-14,112.12767623874404,29.79978543903043,40653.46510658166
2022-09-24,121.71308618978352,30.45322100434505,45096.42540644356
2022-10-04,111.81962401842067,31.113377418228684,40963.43387645439
2022-10-14,104.62064224501157,31.7507378891503,39111.311136977856
2022-10-24,98.92609700362758,32.357377804233806,37689.06515604196
2022-11-03,92.27547616442125,32.92599060195368,36965.51444192984
2022-11-13,88.53770697357552,33.45015663730959,36032.80202665421
2022-11-23,88.53770697357552,33.45015663730959,36032.80202665421
2022-12-03,94.50479098691045,33.92907232144164,37753.47932783638
2022-12-13,92.66441660851217,34.357407415895246,37485.60731441417
2022-12-23,91.37468327051495,34.72113720772763,37355.19400093853
2023-01-02,90.19785215710299,34.99019335514656,37159.82918795239
2023-01-12,88.14837284308719,35.1538859920238,36485.37467733959
2023-01-22,85.8229287128755,35.21534064186909,35584.95288290215
2023-02-01,75.97886163497057,35.19305948780668,34856.569215264404
2023-02-11,74.77024431126866,35.10132107647958,34212.67995271006
2023-02-21,73.68621436018145,34.954220612680125,33575.36179976937
2023-03-03,80.30907340956846,34.76116102253111,32869.2700261775
2023-03-13,79.04605743868206,34.51500431315531,32123.238061400712
2023-03-23,77.84220044458822,34.196894362089864,31342.449984303737
2023-04-02,74.46449603864464,33.790710641980695,30613.86690470357
2023-04-12,74.11405104224359,33.301416172263075,30028.584771969567
2023-04-22,74.78204611675392,32.744567401096425,29792.586618453726
2023-05-02,79.21179102706239,32.14933478667117,29984.23651306501
2023-05-12,83.16477029614606,31.549957556691282,30893.65855371667
2023-05-22,87.89623998373273,30.980574942451785,32062.024459391992
2023-06-01,90.16374358735912,30.457952141907953,33412.1363432817
2023-06-11,94.77352255725224,29.987594921846878,34578.03171245467
2023-06-21,100.73498313099499,29.56120732778355,36230.48061153614
2023-07-01,110.31266932381682,29.177049852782265,37896.39877654478
2023-07-11,112.4246171451263,28.844077158698887,38181.170354419024
2023-07-21,115.13061404545935,28.58066318689382,38743.093400798134
2023-07-31,116.1354517554562,28.40676597072869,38843.44834214727
2023-08-10,116.46829357009183,28.338764960671888,38861.52170488639
2023-08-20,118.43830385906136,28.39137459317963,39592.2123106728
2023-08-30,119.69109284737935,28.561085780213908,40250.169775118244
2023-09-09,115.45938552227649,28.83575634056961,40507.19761585244
2023-09-19,114.37811767613877,29.181476196237547,40608.954873096525
2023-09-29,113.88059281216196,29.57426998992796,40976.54734768578
2023-10-09,114.04816677650737,29.999202096425826,40283.6842389417
2023-10-19,110.39875528170957,30.445271080864003,39574.477790731915
2023-10-29,107.36730063781378,30.915974308540985,39082.842530808295
2023-11-08,101.37247032116231,31.41612455070566,38747.55020240524
2023-11-18,98.43544305934441,31.948131479808566,38262.07980511993
2023-11-28,95.87703934906227,32.492135141870214,37902.20492097436
2023-12-08,96.41704538489331,33.034430646727245,37501.77427771962
2023-12-18,94.10438493154845,33.5308818312877,37152.32577403881
2023-12-28,91.91169539354007,33.93142606047401,36720.117327859065
2024-01-07,89.89355501026664,34.21891296343527,36218.1226847608
2024-01-17,88.01200804603388,34.39257936902796,35640.01257532332
2024-01-27,86.4316029998098,34.47709098034586,35086.03992495404
2024-02-06,80.07025384407322,34.496913120281896,34765.3260513082
2024-02-16,79.40270656518248,34.47381037131164,34452.398445531246
2024-02-26,78.25863420163928,34.42291344627995,33905.85930740331
2024-03-07,82.41582657999095,34.3254144588851,33308.69203049589
2024-03-17,75.89189241696573,34.17860783784575,30540.836083286446
2024-03-27,74.72536759658068,33.943821907838604,29864.82477222837
2024-04-06,70.9000287775278,33.60599772035545,28989.105499893943
2024-04-16,70.20895985354302,33.17672440089219,28339.85695700066
2024-04-26,70.1244860769553,32.68849025780916,27889.206889518526
2024-05-06,73.91978021554176,32.16025717541045,27990.544737412863
2024-05-16,75.91624132872401,31.618377108537402,28262.166021062258
2024-05-26,87.2989280101494,31.090078288044065,31956.697896732956
2024-06-05,89.18151641203112,30.58951414877874,33190.900973493655
2024-06-15,94.7016490290879,30.124940183077836,34710.058398921276
2024-06-25,94.7016490290879,30.124940183077836,34710.058398921276
2024-07-05,103.8043618734284,29.69171785800181,36289.59310287584
2024-07-15,106.28774807700361,29.301205016438878,36669.066788905155
2024-07-25,108.57994763539836,28.961441277654288,37025.50318520255
2024-08-04,110.51396843814535,28.69174223280896,37334.0638024677
2024-08-14,112.0654977829659,28.509618183125635,37617.8955468519
2024-08-24,114.71882143999474,28.431586812585223,38403.15863694083
2024-09-03,110.87863943620175,28.46626514732079,38401.65911727536
2024-09-13,111.93222991006064,28.60536857985585,38955.9960925998
2024-09-23,112.55034615027569,28.828049684514095,39476.05147842445
